,0,1,2,3,4,mpg
0,2.63361922018668,-0.5452602863539852,1.0345204595705109,0.17169018392991114,0.28352701110596923,18.0
1,3.00489372986318,-0.5570728634818014,1.0334602870200162,0.024578894371543456,0.2023155093740006,15.0
2,2.7621849696284477,-0.6408494335955933,1.1687771034505898,-0.09392706943706476,0.4481913872408585,18.0
3,2.5791336852024207,-0.5552008135520414,1.0491032893419443,0.17204635504083296,0.3189637906663344,16.0
4,2.7491779262134477,-0.6906674993364659,1.2422169869454132,-0.21522502971002203,0.5513264484961187,17.0
5,3.922881255392436,-0.5983981530009338,1.05135703673654,-0.39080627136475754,0.018647161396945243,15.0
6,4.1647533083997414,-0.6802805422302808,1.160885640021815,-0.6618856299347526,0.12313307865033996,14.0
7,4.1303589621648475,-0.7354015687926149,1.2431685769709806,-0.7851967356892277,0.2454714511793418,14.0
8,4.095893544144852,-0.5814759245951919,1.0170135873134516,-0.401980217127187,-0.06521567636515163,14.0
9,3.628082181891129,-0.8011074608771316,1.3648358252509831,-0.7692118469283943,0.5322664769337929,15.0
10,3.2614422075794756,-0.6952669349486732,1.2301475594238094,-0.3829597954015222,0.42964195167171015,15.0
11,3.307487536174136,-0.8891311057492751,1.509773534436272,-0.8785123964921847,0.8053099545924322,14.0
12,3.512103314961461,-0.712374067151457,1.2470283835569707,-0.5174055368029856,0.39327603014367196,15.0
13,3.339735648701663,-0.720952026384554,1.2698580446292362,-0.4277987630211147,0.49315179979367174,14.0
14,-1.3071498883733281,-1.3876671460903338,1.914243452852737,0.2906998828880078,-0.5304884274525736,24.0
15,0.7548141673164036,-0.374064041845515,0.88049584972238,1.18399596806806,0.5594492598272703,22.0
16,0.7263297458372312,-0.3799620504013553,0.8908862401140301,1.1823766274819094,0.5821823074325165,18.0
17,0.5686006225566236,-0.3525383284034858,0.8612312413245681,1.3076312768962344,0.5797254855756364,21.0
18,-1.4641472669941624,-1.464255026675615,2.0357110349045304,0.16451733896529178,-0.3209922337547447,27.0
19,-1.8772707479513042,-0.5198366587759256,0.9523413656670675,2.143294921629573,-0.2092687116232013,26.0
20,-1.0002909819057253,-0.7045780675402918,1.1726818627623545,1.3763759956506163,-0.1117961106582017,25.0
21,-0.8100114292332493,-1.0052600785293093,1.6090291633636984,0.596294478919184,0.46549493133316355,24.0
22,-1.1969304524960889,-0.7383870162555667,1.2324406556334833,1.3737549253481507,0.023443313279703958,25.0
23,-0.6254390134888845,-1.2046004540145103,1.8949187061643538,0.0677459214344026,0.8347966545233235,26.0
24,0.7120460406749729,-0.4382862432492202,0.9797637651371197,1.050378804375751,0.7131140659936956,21.0
25,3.2895282273043707,-0.23221250610122132,0.5266347204591413,0.6853274330066519,-0.5928518891610485,10.0
26,2.7849487037222134,-0.18517244765061136,0.47819212245594483,0.9662154500393233,-0.5501999813714913,10.0
27,3.012161572939165,-0.31804501367119314,0.663684287464108,0.5724244493562305,-0.3380297952578493,11.0
28,2.5731767451320344,0.1710283457625141,-0.04030435448403707,1.8809644077787797,-1.2421894173831223,9.0
29,-1.5289169447751292,-1.3802432840556955,1.8450597614539275,0.004609388767509912,-0.3288271711923953,27.0
30,-0.48663005662770803,-0.4104015920323014,0.9348230010272598,1.1065677817127195,1.2381561473262233,28.0
31,-1.3394374317720095,-1.4100242294712213,1.8803740953585173,-0.1309704517315665,-0.3213782354686473,25.0
32,-1.6393884948563942,6.806646165417629,4.692813885288196,0.9517672859497767,0.015753663057571338,25.0
33,1.0262543756921512,-0.5264165796180282,1.0284835985522414,0.3557298415900205,0.9627236404305938,19.0
34,1.162592353399877,-0.21719188527413083,0.5569671526910983,1.0222928802074354,0.24804548333390009,16.0
35,1.2210868287388976,-0.21864625066427426,0.5612490934426947,1.0075367746051829,0.2466986437224704,17.0
36,1.2057880377257724,-0.2206270947769056,0.5668441594161805,1.0068868959473618,0.25785661398078463,19.0
37,1.1110762400801995,-0.22987018756143787,0.5810125499227916,1.0158046992037366,0.29776183406060036,18.0
38,3.1746179405122628,-0.37362772414641054,0.6805771750473776,0.004113327106766273,-0.09914147702725107,14.0
39,3.616834564398453,-0.3741289434489215,0.6634138369310371,-0.1455174007471798,-0.22129488677820724,14.0
40,2.9776300624271754,-0.2410851486805739,0.49640623004596107,0.3908989774098544,-0.3135393881907669,14.0
41,2.8425262561709355,-0.30535089045602914,0.5943169360099457,0.27686263873266764,-0.14865905260311305,14.0
42,3.8121009588194528,-0.32989764018113504,0.5818445153775624,-0.12744086130592447,-0.3939223444955954,12.0
43,3.71916293998605,-0.2987235135878826,0.5455753392789023,-0.010640857420135364,-0.41738028683392103,13.0
44,3.941683391791095,-0.2580292462955868,0.4709690684832908,-0.002989904040441329,-0.581637470607688,13.0
45,1.2800843469653609,-0.4372155736189817,0.8839738563828962,0.47857045892487027,0.6985204096431263,18.0
46,-0.8036932322263209,-0.07436248588528077,0.4548103385855502,2.015600722635339,0.6288177177984787,22.0
47,1.2514458551429453,-0.2692265542212618,0.6349192811199941,0.8771376314214323,0.3447461248604651,19.0
48,1.22754052310625,-0.328975043954709,0.7272138608012416,0.7447581542649384,0.48272480691768427,18.0
49,-0.4276495629067568,-0.5587145574440189,1.1497039131611708,0.7262560988203651,1.5257816130897488,23.0
50,-0.9478202886496131,-0.9954347789729237,1.5351333921263566,0.296444833153799,0.6471453175511863,28.0
51,-1.78002550163144,-0.510915171066157,0.8571779322527692,1.7383265945259527,-0.12570250669511898,30.0
52,-1.1726458043986339,-0.965637626837589,1.500569791059733,0.4387595371017304,0.6456012969632913,30.0
53,-2.3681873239635194,-1.0147183853820045,1.347632222275319,1.1759984668374572,-0.8371236303389092,31.0
54,-2.3398981553703453,-1.1226447507103527,1.5066020313643973,0.9134674104409547,-0.6153597437239078,35.0
55,-1.7718428140208078,-0.5739530070444735,0.955684935173424,1.59503982642581,0.01877629967917461,27.0
56,-1.46666601273246,-0.003284765080401428,0.3787729539189958,2.419982332191889,0.6748215517772795,26.0
57,-1.5466735603000938,-1.183750534554374,1.4858958627712642,0.09856436916309254,-0.5854083121153136,24.0
58,-1.0051554154814497,-0.21943507672046994,0.6046426678338142,1.3537579620900786,1.1326360582770905,25.0
59,-2.1115635820753473,-0.03461522850174698,0.10281678208749483,2.6086016861442753,-0.8702855179718444,23.0
60,-0.9252866071368153,0.054086443408616965,0.19861897455054192,1.9853795620130295,0.5426861363401393,20.0
61,-0.7735348790981725,-0.24565493954085268,0.6339439572802437,1.2139282954526807,1.123203035488914,21.0
62,3.1465549566848483,-0.2828452969736096,0.47765189881445497,-0.15454129562043628,-0.13408163175416513,13.0
63,3.450551345780397,-0.2526616088668314,0.42288505811963145,-0.1774557348580257,-0.27463488414697285,14.0
64,2.742879805037791,-0.1715921593010155,0.3315061213783289,0.24719957602994974,-0.2512054444354644,15.0
65,2.955643215157612,-0.20536209330743604,0.3752708664078726,0.10101608717221026,-0.23250091803448114,14.0
66,2.641462809440167,-0.4079666198365117,0.6874653178758331,-0.27265404766793255,0.28207844085626993,17.0
67,3.8444809132079376,-0.3092825089271468,0.4849117519905679,-0.4458983356740725,-0.2756000709839505,11.0
68,3.104565546314291,-0.12134909036767776,0.24062691684255424,0.23822594312152992,-0.4645876326683896,13.0
69,3.0786099159722085,-0.12648714927950397,0.24910620334264474,0.23739283362345798,-0.44536334556099,12.0
70,3.414609379520172,-0.20416244169503286,0.3504823860020362,-0.04708782914950428,-0.3683859318554717,13.0
71,-1.7849162202018933,-1.3973320692751257,1.8131877996557824,-0.364584970084758,-0.04220976701310205,19.0
72,2.651899271065113,-0.29368130112772,0.5163322602047381,-0.009426234203616756,0.03344105737340119,15.0
73,2.611919416626131,-0.13262484952511888,0.2818718522736183,0.38129933247019604,-0.29363614554347567,13.0
74,2.4709169050803004,0.0679052409278535,-0.011394130753790534,0.9056741281518248,-0.6796428153721767,13.0
75,2.653225349939542,-0.13194911540637527,0.27766316896477666,0.3755741132996881,-0.3054675745677261,14.0
76,-0.587847671277165,-0.78095845801611,1.122484249774425,0.27936890374632595,0.21383972020145112,18.0
77,-1.224618536050728,-0.5026289985386408,0.750094778017697,1.1772943561316105,-0.15962649723870126,22.0
78,-1.1358109930362372,-0.3179749196718644,0.46754914674935283,1.575418729690895,-0.5881493374912835,21.0
79,-1.527122741651934,-0.5453420502444686,0.82788438211404,1.1835913888362806,0.02176466651029836,26.0
80,-0.6211966850946253,-0.2737357375067256,0.6668266895578348,1.08769405586347,1.1311777945579726,22.0
81,-1.788947937264353,-1.0516278787653128,1.3004319774607351,0.49525553205437306,-0.7947565502490472,28.0
82,-1.2703298520499877,-1.2488047898365422,1.5676749580697051,-0.15952632561788177,-0.5367805936430349,23.0
83,-0.7536802603708884,-0.39802199720744025,0.8563137274344288,0.8362674879770559,1.42963972585105,28.0
84,-1.8382313325088184,-1.116618161554414,1.400892854317907,0.3620945437880191,-0.6379453044272647,27.0
85,2.8697655325527682,-0.12628199554501682,0.18985304592771593,-0.05871080359796682,-0.2261703689005389,13.0
86,2.5766931316592006,-0.3239548772165926,0.4968140444252305,-0.4325619978657143,0.27424350341861925,14.0
87,2.806388587620984,-0.13586942063587587,0.21224368199701862,-0.0611935475108385,-0.1797187944951808,13.0
88,2.4345277188403815,-0.011178274530392655,0.04004953747559685,0.35239613429513833,-0.3470732183327157,14.0
89,2.589742530776643,-0.2162404195175446,0.33804655765974634,-0.1785970982619925,0.04714346293157427,15.0
90,3.9029127760400053,-0.14566475693399222,0.16964217169606105,-0.47027017069651045,-0.4949916654985088,12.0
91,3.4302873460639014,-0.1586883927260137,0.21835080478596436,-0.33610971368940884,-0.31562375234194884,13.0
92,3.0230390502190976,-0.0973223838330836,0.14022625208736816,-0.05432602341961046,-0.3378725043800201,13.0
93,2.621909821396858,0.014413505454771887,-0.007996173923157945,0.34824416788835594,-0.4584713708923983,14.0
94,3.890421850082753,-0.21088192013343104,0.2673636255699666,-0.6092998616796836,-0.3466673952909906,13.0
95,4.084824793192854,-0.18328107843923047,0.2161444808076282,-0.6125759741639522,-0.4649608950919653,12.0
96,2.9880662308281707,-0.3342192806970228,0.49503884876180887,-0.5870945264601536,0.18509683025710352,13.0
97,0.7396709772011738,0.009076483452186672,0.10612252499399703,0.9553310982120105,0.20808602346224744,18.0
98,0.778242887761092,0.17248774032782246,-0.13439877960280114,1.3342019492578243,-0.13994568077004566,16.0
99,0.7309376943929005,-0.05189050608190194,0.19968383203820475,0.8188679771684495,0.3466757817828841,18.0
100,0.8037612411621684,0.009495355925667439,0.10901279167375899,0.9406385465121129,0.2024680304213977,18.0
101,0.5436993484138435,-0.06894856536309037,0.2303399022044159,0.8351340277245254,0.4278888861464419,23.0
102,-2.0635379586391513,-0.2101379496730889,0.2938768624195336,1.7952813875738154,-0.35917723239214633,26.0
103,3.503679077585798,0.07956953182107757,-0.141476576075545,0.19213913562020513,-0.8516798301984786,11.0
104,3.623064884896602,-0.06814125158525175,0.06938888145249554,-0.19791106945637524,-0.5782443005963193,12.0
105,3.230852058295265,-0.06436554529299841,0.07876915514314427,-0.05311494953666672,-0.47610238380640857,13.0
106,3.1520103659247023,-0.1307514841674032,0.1790977605835479,-0.18045633142556014,-0.314064245367722,12.0
107,0.7566432083529915,-0.15950930461554866,0.35873171773901597,0.5568742092136268,0.5686249513194014,18.0
108,-2.0864203709469313,-0.7855381063028092,0.8524651679548061,0.8531025196881837,-1.1126654603518304,20.0
109,-0.9940864060921772,0.13861642651376663,0.010034467856972462,1.8251427395248916,0.537618542302417,21.0
110,-1.692339527328568,-0.9997111783941246,1.1499630603376996,0.2020951527522251,-0.782830647096375,22.0
111,-1.9660478623507234,-1.3342930919186373,1.6617253766795028,-0.5285404092628483,0.035798997522222945,18.0
112,-1.018475655742947,0.029914221529594186,0.1682917237428652,1.5736008218945994,0.7665380944954143,19.0
113,0.3199035211402723,-0.3141278978799463,0.5993165096143125,0.33060163636709156,1.0030698736461992,21.0
114,-1.2547291406047083,-0.6825194160943473,0.944652844567851,0.37690412927364597,0.37088204919773793,26.0
115,2.859472114261507,-0.12607796912863156,0.194493585665664,-0.059381043168770374,-0.21891710872888462,15.0
116,3.6100963118960205,-0.4120298165769087,0.5741381397258972,-0.9862988421249332,0.15485462288070112,16.0
117,-2.07963086145041,-0.3672475985618283,0.5231788799752521,1.419828854030952,-0.03447261702898428,29.0
118,-1.2283611143153923,-0.6856723144943843,0.9534571408296888,0.3656208922987599,0.38140895361016747,24.0
119,-0.8278004229795171,-0.7804417213491506,1.068451826684131,-0.013503376627318176,0.4438533408659482,20.0
120,-0.8031256224603027,-0.6123482443423416,0.814516700082898,0.3771934081033988,0.07621335201077817,19.0
121,2.5469813566504476,-0.3926682877120911,0.6038100231441021,-0.5743643525905862,0.44011569861564115,15.0
122,-0.7498932397826091,-0.7709295693072828,1.0482616998626073,-0.015317457125354471,0.3982781660664651,24.0
123,-0.3020409897700948,-1.1736133057837839,1.3261072869929986,-0.6547804627366123,-0.9208212136223478,20.0
124,2.8511728973866037,-0.3547824729875947,0.5311569071682127,-0.5850354419703787,0.26947851802701145,11.0
125,0.5338431178747747,0.08137230185204922,-0.062495011540874966,0.8085367968344546,0.2590389627911235,20.0
126,-0.07029701947994739,7.040718315398003,4.056787490162114,-0.14559140670728124,-0.5719908108348661,21.0
127,0.6413204083972207,0.027538003917605157,0.01734111431717215,0.6581116206828912,0.3571889914333501,19.0
128,0.8600284548026828,0.17117186124973613,-0.2064119611282296,0.9164265707775879,-0.015070164054291842,15.0
129,-2.42392946887984,-0.7412943517172549,0.7368297344354922,0.6956830743063553,-0.9495172046932999,31.0
130,-0.7760382992755555,-0.05377867226714105,0.21040279469526998,0.898386203447178,1.013656848458319,26.0
131,-2.7545222589871363,-0.5733824905113767,0.504601502718774,1.2154609438433845,-1.200692949339872,32.0
132,-0.6947139965250181,0.00868455885616073,0.11660958895531759,1.0205214072037554,0.8632530336199998,25.0
133,1.1113281287923908,0.21752500934254132,-0.29044167248411007,0.9250070434607827,-0.20063665165001726,16.0
134,0.9520295130095309,0.29577098755461395,-0.3976528636374206,1.1772015413734807,-0.31041155861097797,16.0
135,0.9527427367301764,0.14433709991853322,-0.17743350797816354,0.8049098728684577,-0.004914558687980501,18.0
136,2.4825787980326246,0.037253265160524206,-0.10462500536704746,0.06493652365926325,-0.3177178826974105,16.0
137,2.9724527152917686,0.15891043042895056,-0.3072586481993747,0.1811405103734316,-0.7193459474730491,13.0
138,2.795179764138073,0.029972255570021315,-0.11059994699836757,-0.06640753289597605,-0.4011503957283468,14.0
139,2.535640668287939,0.27176127210909634,-0.45765447699527206,0.5924912223697874,-0.8387618402091173,14.0
140,2.3870773816657365,0.18646964880618483,-0.3226643701592257,0.45475312727344736,-0.6051249817915428,14.0
141,-1.4593074232395649,-0.5114449826932655,0.633387212642617,0.47501958589472193,0.2252736308248987,29.0
142,-1.5818248048509629,-0.6357109130405252,0.8246696066420293,0.2204870017232222,0.5246413642241987,26.0
143,-1.1908088875215965,-0.6857857705191163,0.878147260944801,-0.040940750853230526,0.5071345257600894,26.0
144,-2.3239461822689114,-1.0011900920599819,1.1202678645081026,0.04376291432082034,-0.42622296949173877,31.0
145,-2.3747235072024018,-0.7338126876740926,0.724398597713721,0.694627388722303,-0.9792169537074956,32.0
146,-0.8869674285456554,-0.28248931292673835,0.55272049398407,0.39017883270925086,1.5237351957164336,28.0
147,-1.4468270174270514,-0.6169122981312412,0.7896116425837858,0.2178333223844586,0.4434862602762961,24.0
148,-1.0727332064940065,-0.7295478400437367,0.940574174454812,-0.18106891836161826,0.5722226940597118,26.0
149,-1.466370209601006,-1.0368675212148613,1.1247873954614842,-0.35017712833918796,-0.6238097357099794,24.0
150,-1.6365352881606552,-1.0057493193409082,1.0866774823366228,-0.21657796808033536,-0.6387814032733732,26.0
151,-1.6178310149401731,-0.5861722532609042,0.7528877270850869,0.3506933252961144,0.43076391651532153,31.0
152,0.7477443088420421,0.14700389197688093,-0.23697382680958745,0.5086719058152518,0.2111487279047908,19.0
153,0.9785421304074878,0.1762801691885906,-0.29090607628952847,0.49995838047980695,0.08274226870565816,18.0
154,0.3941455007906928,0.6326003927605645,-0.9323932958473493,1.7940111969592696,-0.690759961247985,15.0
155,0.41011503699018187,0.46700561985062855,-0.686268234814705,1.4002492665836028,-0.34115607322673924,15.0
156,3.4729369858422285,-0.016485942375029164,-0.1375058116731028,-0.7812695421886736,-0.33774545181626475,16.0
157,2.818300355179754,0.17060551894765513,-0.3840006709675614,-0.1133082194701732,-0.5407708284088751,15.0
158,2.639761960017652,0.20962389328387357,-0.43858356276567756,0.03346085933619435,-0.5829791182676644,16.0
159,3.002583276057293,0.1477030013365742,-0.36097383135684913,-0.23908785766697593,-0.5546739527594353,14.0
160,0.5708669449003629,0.6721056047573596,-1.010971357687619,1.813141204055211,-0.8526632795580915,17.0
161,0.9413848271960373,0.4503270556540663,-0.6975896695192696,1.155868334498983,-0.49214681559539875,16.0
162,0.8288006558945332,0.4813599947994546,-0.7363998356907647,1.2781690053875434,-0.5160094716962648,15.0
163,0.7005578404931269,0.47538099959786323,-0.7241255169499126,1.2956751536172688,-0.47679995787908347,18.0
164,0.7635008777200121,0.03347599124157057,-0.06952453870117783,0.24248976968011166,0.45067551034301406,21.0
165,1.7620246665063521,-0.03362336212490116,-0.02880100003048183,-0.22239691934796268,0.21176589776134672,20.0
166,2.096458912809893,-0.16195878401396363,0.14790307640533812,-0.6318035503309406,0.3934750319261129,13.0
167,-1.9356002499478806,-0.9019709470852741,0.8808652060424198,-0.2458932164318273,-0.6127185767328023,29.0
168,-0.7046717291844552,0.10224585005902882,-0.09268936262842811,0.8625699843703017,0.8150361852534453,23.0
169,0.5838920694069643,0.1129038834481006,-0.17576495968989433,0.49845433597922534,0.3439330105378468,20.0
170,-0.9019372762873054,0.23475035525144375,-0.2779928021440663,1.2500885445255407,0.5992482369734097,23.0
171,-1.172601238765168,-1.0622451576099756,1.0789919912743637,-0.9015129543419361,-0.5115478812301212,24.0
172,-1.5604727939650032,-0.4292752984361247,0.44782009140867557,0.3190854911674793,0.23076558369474207,25.0
173,-1.731944214061721,-0.7646705509732262,0.6650488936674298,0.009469524501540318,-0.9669031534753276,24.0
174,0.4997626940256964,-0.04021405844373529,0.046265626313752174,0.14199128296703892,0.665169649153136,18.0
175,-1.437482581661023,-0.687419899978443,0.8258427873797027,-0.33390437690902647,0.7422617332065222,29.0
176,0.6377690161883337,0.2359028543144954,-0.3610241281806356,0.7630591390233973,0.06310210298385487,19.0
177,-1.0030503726091071,-0.5092735794798325,0.5355765499518086,-0.07263407595317137,0.22272914724908333,23.0
178,-1.0580355989430164,-0.29672349664632797,0.22368391564972992,0.447816993032454,-0.21023002948777156,23.0
179,-0.7754400451049237,-0.5267030645228784,0.5488438660681315,-0.20027437330724296,0.1852128944398717,22.0
180,-0.8162984889568944,-0.6477913512516477,0.7294702226870805,-0.46436028624981407,0.45651171177373706,25.0
181,-2.3476833284819207,-0.8048761630160025,0.7623977996508072,0.13811794710681785,-0.6801336607690541,33.0
182,-1.2932477825258482,-0.4060016803312647,0.32927654071046525,-0.10355494213465638,0.24737683833920748,28.0
183,-1.5469541225067602,-0.2996778744086608,0.18812110247486538,0.2497372509825937,0.11244518677763948,25.0
184,-0.5682556745165184,-0.013220342968234718,0.0010781387397808594,0.157596949807738,1.1646992726799081,25.0
185,-1.2686381473929835,0.1942699512916323,-0.2733273374552785,0.8976411849710331,0.9367232955146164,26.0
186,-1.447408906469677,-0.4536764123680335,0.4087995588428058,-0.1574167937703321,0.3993077815500482,27.0
187,2.5231063704477625,0.12277462498113677,-0.3723143188667551,-0.5139480411418937,-0.21301036578568663,17.5
188,2.571761393906623,0.12449927415081109,-0.3766895275744223,-0.5208646079141728,-0.22703205402507012,16.0
189,2.2729001468513435,0.1796529788585896,-0.4396757959514069,-0.2854513671543875,-0.2469970336409803,15.5
190,2.7678863166939283,0.12143848204343391,-0.37761423525424814,-0.5887653935129966,-0.2683320523337285,14.5
191,0.7337707239159055,0.17261854798698498,-0.3442241085266882,0.19282860632042598,0.3104210162562349,22.0
192,1.0246146747367313,0.11219675435832957,-0.26715586512948203,-0.050472130631222384,0.35445465768008055,22.0
193,0.23788820368468744,0.34226983485362383,-0.5701083962485649,0.7707125718422144,0.10442109667781743,24.0
194,0.4335638763051547,0.3616113787036364,-0.6056368867286883,0.7561131309440612,0.013671597927712248,22.5
195,-1.9678290883299436,0.5793643214289682,-0.8051412705013933,2.0650865639713523,0.3467326332433295,29.0
196,-1.8208358440185923,0.5881319682237885,-0.8255546240188117,2.0352192967189975,0.2841652416663822,24.5
197,-1.5250125753317134,-0.5851343262371776,0.6092734581244514,-0.44201517070172164,0.7030474661604147,29.0
198,-2.4010728483180257,-0.7300013359567566,0.5847055541025292,-0.047688581293507656,-0.6722789334024761,33.0
199,0.7080793692238546,0.4263083157763816,-0.7212130297110666,0.796555764712799,-0.2247486715781298,20.0
200,0.40959152887061995,0.7309876799759577,-1.1501068616312808,1.6369059180899281,-0.7577588133789517,18.0
201,0.996071167890472,0.29759381965293025,-0.5428048674369685,0.39548789216095265,-0.033992486788573896,18.5
202,0.5972748657297248,0.4008319724545431,-0.6695198356896576,0.7969621215205217,-0.11176403633994572,17.5
203,-1.3268758158504292,-0.7769043260493464,0.8848866947089802,-0.9656582864196874,1.0503445425982794,29.5
204,-2.2743117035215814,-0.7497327686329897,0.6030232235250058,-0.14432029027053928,-0.6793706549600068,32.0
205,-2.0549260534045537,-0.7830781722664489,0.6413991139750905,-0.3025153651968093,-0.6766401199007788,28.0
206,-0.4243523082515746,-0.1313434057573783,0.17169504056845217,-0.17943498340043176,1.3714154052014236,26.5
207,-0.8175586532159155,-0.3084952370626428,0.1577977000461623,-0.04993273698394497,-0.11333302591803544,20.0
208,2.4078214858878497,0.11673201083799692,-0.35539988037014936,-0.4738879417805442,-0.15416054790559136,13.0
209,-1.5036761666766423,0.26760055867814064,-0.661063769181939,1.5629746285791588,-1.1173805886639963,19.0
210,-0.6545527835897924,-0.7250573551483233,0.4723261251042554,-0.6143118780587881,-1.3095287065317016,19.0
211,0.20589861831549594,-0.09488285499120859,-0.22302383242669724,0.138725780456342,-0.961039230665406,16.5
212,2.936020478507821,0.0723405204990017,-0.31854908152671557,-0.7660690481982925,-0.22518700065726224,16.5
213,2.763717264417287,0.03177566492550592,-0.24277152373793628,-0.7986112887368658,-0.07426618274093395,13.0
214,2.0861563559348593,0.2691103547123452,-0.5639308195227237,-0.001226727588880174,-0.377360766352834,13.0
215,2.2123073241534583,0.17055692544210307,-0.42413840336214276,-0.27026647896107636,-0.20253224790074753,13.0
216,-2.4160026525985083,-0.5177778991281107,0.19900149191753683,0.07874715697591257,-0.9700336401337115,31.5
217,-0.9971206452502043,0.00784715905615217,-0.07800722400707252,-0.021785196235597663,1.4010663598783635,30.0
218,-2.206888415637207,-0.11418229136286503,-0.1225829510845193,0.5408612154974973,0.07222756430175503,36.0
219,-0.9417497000648674,0.09004978683264245,-0.2041094727472682,0.15693734898244388,1.2101510156343964,25.5
220,-2.341733391996054,-0.6886822541325655,0.44678739242065774,-0.35689308512226964,-0.637061112358172,33.5
221,2.3260782435478404,0.12586022571997485,-0.43511906162733127,-0.809754478604269,-0.002658725993301111,17.5
222,1.4707245423232713,0.7235518143830028,-1.2799434225034008,0.8993930450810423,-1.012927340129616,17.0
223,2.3990732774761514,0.26760770434455056,-0.6484055248859605,-0.5005004694603196,-0.3238866112801928,15.5
224,2.2727721427181384,0.38825504230966384,-0.8218761601861688,-0.1788384225277268,-0.5467324597237467,15.0
225,0.8379513781552567,0.3868588461771154,-0.7357703451877591,0.2849668532325287,-0.02108133597071393,17.5
226,0.6356983968432944,0.41565481947648153,-0.7697303783387709,0.4221358314001249,-0.024103419510021585,20.5
227,0.6314506057040474,0.5081326064638313,-0.90789885610892,0.6362428933322147,-0.22382653881463382,19.0
228,0.5448394683682423,0.6257710667295566,-1.0731525906598498,0.95829703059558,-0.4311987575955178,18.5
229,3.135967262183808,0.06763124432422014,-0.38278990488012477,-1.2132103525371096,-0.10375490318327217,16.0
230,2.82945462789058,0.07069150805271324,-0.37747467336627294,-1.1115203888710834,-0.03362283240620754,15.5
231,3.0701237827038526,0.17838158008208968,-0.5455803087765423,-0.9261936649713687,-0.32004230036860004,15.5
232,2.5774073093064573,0.37348541304475685,-0.8111045219765176,-0.3061159953643685,-0.5929569725927492,16.0
233,-1.588416533530329,-0.47124971864454956,0.3741725329258403,-0.527606107437475,0.6337509168953649,29.0
234,-0.6102721748543692,0.19332346050257285,-0.37102688032293213,0.2802338998956395,0.893430721560568,24.5
235,-2.262419553656252,-0.5231438680033837,0.19671394895872277,0.00587210797062989,-1.0127593915348352,26.0
236,-0.6321161611285746,0.17229361934511184,-0.3406362659221416,0.2342724858844271,0.9393204602512759,25.5
237,-1.3690177934881398,0.1941825440435756,-0.33408175120296696,0.5523373130159341,1.1236498669934902,30.5
238,-1.2301971568116243,0.09479042779808822,-0.19689210718045888,0.2681311627015238,1.286396632943961,33.5
239,-2.215732117208733,-0.7162199778042537,0.4831801679362364,-0.46578742591818484,-0.6136519023769688,30.0
240,-1.401716309621832,-0.4817562864530817,0.37880094152621635,-0.6263799299761904,0.5922587403843436,30.5
241,-0.7187645706369451,-0.7474942644457575,0.44011447370916507,-1.0305090377046275,-1.0937342752265227,22.0
242,-0.9062931576791073,-0.5507754482198814,0.4524947896102308,-0.9668891140121506,0.5802345945413095,21.5
243,-1.840214803206105,-0.9336872550017071,0.7790708437192666,-1.161497210067688,-0.2627762408692447,21.5
244,-2.458291203462294,0.256408474221294,-0.7261915088685253,1.12945368468824,-0.47816948655055647,43.1
245,-1.2796348264344684,0.01428132475253343,-0.14052592388430812,-0.285741126253391,1.6284393335367053,36.1
246,-2.713653309133492,-0.3644007619112788,-0.08293190165977701,0.16066212199461374,-1.0564501277031755,32.8
247,-2.5407561167200092,-0.4271854842034506,-0.0007302347762453354,-0.04821638253854292,-0.9794354341359046,39.4
248,-2.413957052135234,-0.6533112809852829,0.3317594289694181,-0.6263184489124477,-0.5330781902832074,36.1
249,1.4117811264937103,0.4153772698523986,-0.8857913050078465,-0.18036610516040713,-0.18180668609560627,19.9
250,2.1624720355607714,0.2640947937137054,-0.6975782490969368,-0.7977643656224557,-0.08442900415090444,19.4
251,2.0376035109024166,0.20424868873169008,-0.6038579844984775,-0.8964989874847676,0.07731882733864266,20.2
252,0.3713041068672873,0.721273701542912,-1.2792106828667609,0.8600161955802805,-0.43867101516522067,19.2
253,0.12088258805845166,0.579040126373206,-1.0567473230747624,0.6091962710904382,-0.06490027172554749,20.5
254,0.28666705949773424,0.3406559162189719,-0.7094389374250941,-0.016140899800661482,0.39079805206224966,20.2
255,-0.6711346329500936,0.21618124600874436,-0.4728009631714873,-0.029915417903907282,1.0088308723657586,25.1
256,0.51063804394415,0.525626895733057,-0.9959888276407631,0.3429856599045504,-0.06981248364879335,20.5
257,0.42013494858719314,0.5061077489178625,-0.9587071735250566,0.335113162874053,0.008634964405357765,19.4
258,0.6706981298725784,0.39447309393084823,-0.8093349583221995,-0.02352416727449492,0.15941310632986985,20.6
259,0.24354106668817888,0.4338254159273769,-0.8458974238097607,0.2189709099362402,0.20580571781845997,20.8
260,0.4472749940086235,0.6817788658412335,-1.226665962169512,0.7352356269727608,-0.3843038241985336,18.6
261,0.8976507336953832,0.3430299198453554,-0.7429395697076026,-0.2176619012287037,0.20590797975437336,18.1
262,1.9247006024779705,0.2264355853944339,-0.6305655109179672,-0.7971456736783009,0.06941520396429138,19.2
263,0.9807855898187544,0.1777998345962863,-0.5130754616913444,-0.6431903881224379,0.509365444343606,17.7
264,2.013563833511794,0.02003804188704674,-0.32759029166826104,-1.3179141545217894,0.48055968436908575,18.1
265,2.300399082974551,0.3457160818362121,-0.827520018760871,-0.6616191980351275,-0.30674348147659847,17.5
266,-1.3181345566094516,0.24299630660879945,-0.47978322044721006,0.264995656470239,1.150937039247621,30.0
267,-1.5267656689733344,-0.7609735629569214,0.4431803370860626,-1.2026955681340412,-0.5856742991458975,27.5
268,-1.8028656149592686,-0.7483046535544269,0.4374162640178269,-1.0706457052163296,-0.5273798562776462,27.2
269,-1.014369764684044,0.07028924839025362,-0.239729662737616,-0.2549770996704244,1.420305050561141,30.9
270,-1.6204589432257344,-0.7108394665910316,0.37392355621372186,-1.0481717871676435,-0.6610471375402407,21.1
271,-0.7276795746368456,0.3425677860386772,-0.6573783439372332,0.2993792875072828,0.7643913523128687,23.2
272,-0.7921946161395597,0.4357126540545396,-0.790613985082699,0.5368883100362957,0.5865804828203343,23.8
273,-1.7663305021547913,-0.7190935627707331,0.3916709729494308,-1.0168239428972303,-0.6025445368918363,23.9
274,-0.858010829480661,-0.13570277623906238,-0.2390018649488094,-0.3567724899141432,-0.1987511792019319,20.3
275,0.021030100965832434,-0.28321347025408167,-0.07105921713995346,-0.9944876712103655,-0.19729007529652537,17.0
276,-1.1909459193907468,-0.1818275982177388,-0.15099723220828964,-0.3719244532125633,0.03612585924670094,21.6
277,-0.07682515094629562,-0.054631341987885905,-0.4074732396064078,-0.4194266441222357,-0.6549861902421891,16.2
278,-1.7091040764738077,-0.3480873083047717,0.1278761518754086,-0.5790050584327197,0.5573441901078133,31.5
279,-2.2137246762606435,-0.5979927581646822,0.2375769755278861,-0.5714984025724665,-0.7172952471530769,29.5
280,0.5752549333406952,0.4271819882417469,-0.9230718222457885,-0.28952177360528436,0.27071654606913775,21.5
281,-0.03710844974701123,0.6465577417384609,-1.2158276508323747,0.44599907588974114,-0.004013924249679448,19.8
282,-0.8561251890356814,0.4915023284966811,-0.9417750048123206,0.30552755113122515,0.6320017353527692,22.3
283,0.2726232016259988,0.6872176879200277,-1.2893344206608661,0.43525150256142486,-0.1790318049347242,20.2
284,0.47466185725554316,0.5468326434754914,-1.0960816385420233,0.026444224639254135,0.045765068409668014,20.6
285,1.843861329015281,0.5557271797176895,-1.1840593926538645,-0.37944447170513923,-0.45677514647513917,17.0
286,1.9920414033529663,0.35992039833670875,-0.9011183395214565,-0.8981344859227388,-0.08937388374261836,17.6
287,2.381169914850316,0.3839088270349912,-0.9517287496961324,-0.9700590511717393,-0.24629262804022783,16.5
288,1.9237260292819454,0.541086960968008,-1.1651420768838672,-0.43792282617809397,-0.44571468858320124,18.2
289,2.411665582290157,0.5798585841825767,-1.2485444126351388,-0.5212876519015237,-0.6798730272976764,16.9
290,2.3119124276276692,0.49444997356957016,-1.113137851696075,-0.6832226882267641,-0.46012856516823714,15.5
291,1.5732866656458546,0.48036841393290897,-1.0622626126352914,-0.46850043774253847,-0.22435672253006703,19.2
292,2.4389394180502513,0.36671753486631836,-0.9294855623527876,-1.026545413786146,-0.2255401549271661,18.5
293,-1.7081590267045714,-0.35307849028379196,0.06613013232804545,-0.9732535399239705,0.717821453197483,31.9
294,-2.267444687574956,-0.6629917002504585,0.2667034432720884,-1.091064887804665,-0.4161355869465585,34.1
295,-1.27940193092902,0.10930177771153216,-0.3534721471089576,-0.44328084093304804,1.5727669849978907,35.7
296,-0.8103363927218342,0.2516520174016852,-0.5891542466816574,-0.28490622193524556,1.1203904041957529,27.4
297,-0.754635025144961,0.4268632862715554,-1.1397663074893845,0.5581081847776739,-1.2557976257057755,25.4
298,1.8672626964931902,0.7624448446561934,-1.484416351535527,0.11698393679131704,-0.8805459096647451,23.0
299,-1.9719267347668925,0.7855633428456403,-1.6070443275539665,1.8220156300487391,-1.6022957283589394,27.2
300,0.6155147182367456,1.1186773859566927,-1.954255419161944,1.3957757492244278,-1.2639528826105537,23.9
301,-0.9481603548469545,0.032742654925264084,-0.25604171824337923,-0.752198886045721,1.6289037225323546,34.2
302,-1.1698589583354158,0.18286200056987478,-0.4669036519811105,-0.31288715465677547,1.3830295880060561,34.5
303,-2.702064075205618,-0.2932139695703843,-0.259487204185459,-0.053750822287233276,-1.0606003265867985,31.8
304,-1.662410639777811,-0.266855207418697,-0.06454631746819127,-0.7890387331019971,0.5187172550177314,37.3
305,-0.7793332503685725,0.35391684028646997,-0.7391940427230597,-0.04091019349118162,0.9069679340224724,28.4
306,0.39490147721822466,-0.0375431424845414,-0.23027605015924899,-1.3347083029387812,1.2944911476111083,28.8
307,0.27211437879463624,0.11958476614857512,-0.4574477318601868,-0.9183064457840763,0.9996711597377185,26.8
308,-0.5250667219232878,0.08620846552564668,-0.3548145488859077,-0.7682685267261791,1.3938169296328111,33.5
309,-1.6854665050100952,-0.1791662388457969,-0.26280591172151135,-0.9521240750158121,0.49189423672664645,41.5
310,-2.731398305301968,-0.2492747843195306,-0.39094765365549794,-0.32032260465087703,-0.991582576149306,38.1
311,-1.3536289097769694,0.3158662840067481,-0.7249691822453426,-0.314459350304011,1.3067757827498998,32.1
312,-2.4439286524795523,-0.4647537382820502,-0.08776472073597733,-0.9393414932841507,-0.6305946491230681,37.2
313,-0.896485970925719,0.48444647573164773,-0.99615110218157,-0.07117099698756009,0.8173486458203851,28.0
314,-1.0232304977458666,0.6465261080472521,-1.2323218852408049,0.35242258733207343,0.5069895463395252,26.4
315,-1.12263818717298,0.847228858680287,-1.524046120576847,0.8674444556568939,0.11699462642184118,24.3
316,0.18268228993267188,0.8262930549457776,-1.562010221579984,0.41059589503017807,-0.3004784334517665,19.1
317,-1.7906174647644169,-0.0746018228173549,-0.4130786915410355,-0.6658665150484708,0.3028636330853297,34.3
318,-1.7189960187821878,-0.4580948568541594,-0.1348960943091979,-1.1829722364844575,-0.8683194545893026,29.8
319,-2.1096563756595064,-0.2973288753003377,-0.3521934800825093,-0.661375417657003,-1.085347544283141,31.3
320,-1.890894597584279,-0.5385658974799183,-0.007859764549582865,-1.3102359489306379,-0.6460393068492661,37.0
321,-2.062244488039694,-0.5409669307688424,0.006184558729260122,-1.2563448295342259,-0.586331292280166,32.2
322,-2.563241650117505,-0.3182210464979197,-0.29933374316609107,-0.5491081617871906,-0.9038869253914652,46.6
323,-0.5644157871985668,0.3061712541585502,-0.7510089437469399,-0.6150434036870552,1.0866485840746782,27.9
324,-2.716009099820128,-0.19982743295416752,-0.46713325071927336,-0.21192339598729032,-1.1059655648865063,40.8
325,-2.5541190380623315,0.4531222283561426,-1.1522951927779481,0.8633631368063464,-0.566919025325489,44.3
326,-2.6405426048305185,0.6619016340037642,-1.4586834538333575,1.3861551911286698,-0.9849631571379954,43.4
327,-1.4233984479988728,0.4089289515648911,-1.1531567714713544,0.36631326766518835,-0.8734813777973875,36.4
328,-1.637298721681669,0.6039261230633072,-1.4234283438593127,0.8837479170361194,-1.1739296437108577,30.0
329,-2.219346402251425,-0.7181244779864295,0.27766036373189185,-1.618457879523218,-0.16160796072731026,44.6
330,-2.6471964361998084,6.956402500688344,3.6090526210316263,-1.3562098489054852,-0.6059590726032771,40.9
331,-2.5017687387068315,-0.3013278005358641,-0.32633102877847225,-0.5280489114971036,-0.9549118864234564,33.8
332,-1.9660867735474288,-0.15799630002936033,-0.27750956335352817,-0.7981194796569329,0.5393053007375733,29.8
333,-0.40033183918525106,-0.7627349334435172,0.2358102613163923,-2.3219514829609484,-0.7116939279692586,32.7
334,-2.138434561068756,-0.8074403884477697,0.4004489594788629,-1.9010666607675941,0.014502360665997183,23.7
335,-1.4140864884685425,-0.09709672233516992,-0.3983909507128808,-0.8536140983546768,0.23549543639512324,35.0
336,-0.9996884433055977,7.239018145410951,3.3957711506678834,-1.7092107017842348,0.24519347603919056,23.6
337,-2.2578076170195174,-0.3740767314567443,-0.2310067001243057,-0.7892174401215886,-0.8773086193692188,32.4
338,-1.0536134786711273,0.4700151679748569,-1.0366959598940433,-0.43390522767467776,1.0435691426427067,27.2
339,-0.9741840781396144,0.5552580315913471,-1.1654753057880523,-0.25787128256882785,0.8430839569320168,26.6
340,-0.7308904492975696,0.37233430237932,-0.9071326508118865,-0.7785621447311655,1.1537647016941464,25.8
341,0.19081204167053126,0.2631481116857509,-0.8043870345017597,-1.3153898924720002,1.02060306236885,23.5
342,-0.7942644849091971,0.2032442726136635,-0.6540159433652126,-1.1610900232599022,1.5266651081668392,30.0
343,-2.7484925246625607,-0.3647757382459069,-0.28839510988656275,-0.9713996510246408,-0.5936389940004918,39.1
344,-1.7171064639127773,0.45237032623040263,-0.9777255787194377,-0.24002981999713455,1.282493156606584,39.0
345,-2.6449683105783834,-0.4367162623669887,-0.187085523423637,-1.1794768208884814,-0.4739638448676997,35.1
346,-2.5889555700793707,-0.24392303925622244,-0.4759577814615711,-0.7412965749868382,-0.8980072268197109,32.3
347,-2.879776073240505,-0.1116040502073487,-0.6582104203497069,-0.32263725452657244,-1.0888843806395283,37.0
348,-2.5791501418478147,-0.2939138951496793,-0.4027804074995812,-0.8671065627930195,-0.7982499623089074,37.7
349,-2.458238292147733,-0.4191077015444444,-0.22362306936537565,-1.2059832723760846,-0.5709025484843825,34.1
350,-1.2627216003973227,0.35814126691291187,-0.8601904984696641,-0.6315251325783869,1.3401955091746482,34.7
351,-1.5404349854203454,0.4563706047570717,-0.9919644092559886,-0.2945772608773035,1.2203463090675706,34.4
352,-1.8633614394862008,0.9024268715291349,-1.6383789868925422,0.8773182152008985,0.37461527300185243,29.9
353,-1.633589139022943,-0.13320489242399647,-0.4019404769119594,-1.244182234468974,0.5300995954833011,33.0
354,-2.1949943897862134,6.959674564275407,3.5111859946230544,-1.9027934585173494,-0.609000703688652,34.5
355,-2.071857808949576,-0.5361658421548209,-0.06974094166374932,-1.6239986640452362,-0.4438267244639121,33.7
356,-2.2610956316145736,-0.3019105670705394,-0.40786178018156655,-1.0002365617990185,-0.880646150732972,32.4
357,-1.830655671398632,-0.45452862966851837,-0.2071024485396776,-1.5183648434379682,-0.6979051064119499,32.9
358,-2.2129527916492933,-0.13046522155833798,-0.664036856100316,-0.6123122919958308,-1.2574895377121043,31.6
359,-1.5781118597168668,0.555105422960635,-1.4260753547707163,0.36353051646608014,-0.9442246455644266,28.1
360,-0.9318610404226718,0.5155624572430522,-1.410282012320507,0.08861945959728863,-1.1369616961105802,30.7
361,-0.607379122740639,-0.569013055757877,-0.10779886011038331,-2.1714416686170743,-0.903769636295605,25.4
362,-0.833141056562974,-0.4650206881164062,-0.2544448500874128,-1.8489657011140552,-1.0630079424484622,24.2
363,0.49617565403740616,0.6498075774754474,-1.3881047879488073,-0.5025192885179594,0.12135531034846656,22.4
364,1.456729440884486,1.0598162029066522,-2.0391902293534745,0.20795550159892073,-1.0744433697319866,26.6
365,-0.001922933353534458,0.7211587637308959,-1.4679232061626402,-0.15731913103066353,0.1237375597177867,20.2
366,0.404310857339502,0.727525876057381,-1.4961767664392207,-0.29161637340167895,-0.013900824138663781,17.6
367,-1.6082336898812404,0.9131836817370369,-1.7392697405304336,0.4300666169583614,0.41931666815046037,28.0
368,-1.4746669675345552,0.8254602793510886,-1.6162885399284384,0.17175570357093228,0.561618199190835,27.0
369,-1.5447420201518527,0.745118513441573,-1.4922708235657485,0.011640153889643286,0.7579220070295835,34.0
370,-1.238262719577221,0.5996115198636174,-1.292873708978202,-0.45109581718781233,0.9652500917815081,31.0
371,-1.132758487388613,0.5850834104975778,-1.2728333954728683,-0.5154425746268253,0.9740700937904594,29.0
372,-1.1645387486551568,0.7954610639125708,-1.5826024239036756,-0.0014091525630815867,0.5425646083356864,27.0
373,-0.9621136284000011,0.658424008838212,-1.392542348425157,-0.40772246374265464,0.7601626965174357,24.0
374,-1.7083048429282546,7.9913209407132575,2.179114461310538,-0.42634383951616744,-0.8182030838360422,23.0
375,-1.9421314115857915,0.029438402038632124,-0.6954865867606368,-1.123255036266804,0.4372490472106022,36.0
376,-2.7507827099750117,-0.12991724148025197,-0.7069261891485425,-0.7953512236744803,-0.9405902453315307,37.0
377,-2.713561272574232,-0.19046777561980552,-0.6187863270726335,-0.9518032007494605,-0.8235170726460139,31.0
378,-1.3555556154550241,0.414504384415187,-1.0079289430324057,-0.8449656156789801,1.4012702022075119,38.0
379,-1.6851875165038355,0.6488750712273852,-1.3404783854485656,-0.16800443324836548,1.006606924683926,36.0
380,-2.1134577316636527,-0.4441045427695346,-0.2731298399355821,-1.7653743354127736,-0.47092265137230543,36.0
381,-2.1508312365179854,-0.44353800586291187,-0.2724070889564979,-1.758104445845904,-0.4652663099912324,36.0
382,-2.3965623106442644,-0.2193526710163537,-0.5914379154171954,-1.1363244004201458,-0.8604275353025768,34.0
383,-2.420505040772338,-0.4284791025788006,-0.28086606138131004,-1.625273415963391,-0.4135091976882048,38.0
384,-2.5001661463863702,-0.364520693654089,-0.3715792566975811,-1.443983368545588,-0.5233368513178044,32.0
385,-2.5401253850551933,-0.3157111845186245,-0.44203932057027356,-1.3139120187002966,-0.6142952756262992,38.0
386,-0.14356242558627266,0.7203691186732909,-1.5343669883048228,-0.4909358328689528,0.3097241032504875,25.0
387,0.2184369494652853,0.8155039945034243,-1.6784009276333647,-0.37522711245089535,0.033337973999628394,38.0
388,-0.8268054279214654,0.46183720733913,-1.1041338737435644,-0.913246385364408,1.1448352164541784,26.0
389,0.23388502217380774,0.573145599571332,-1.3274355110115978,-0.9589768412555862,0.5260984750195943,22.0
390,-1.644150230452298,-0.4376064915541262,-0.3070948462141841,-1.9230202171447839,-0.6325920084221601,32.0
391,-0.8788850961627691,0.29483046512820604,-0.8547937825376046,-1.2953886246714283,1.5093955560686358,36.0
392,-0.9634631938101414,0.7538979962012371,-1.532487853175077,-0.17855357834743055,0.5627365432392616,27.0
393,-0.9134519400114156,0.5779321530657084,-1.2744594972796244,-0.61642186929869,0.9169047056694932,27.0
394,-2.9544757408183706,0.8932304850398814,-1.9227474663102544,1.2919940369350407,-1.0695296440071924,44.0
395,-0.7619167625734182,0.1591013189485348,-0.659205081002386,-1.6594148665884716,1.7603261140462165,32.0
396,-1.4445731180043404,0.8276118192097153,-1.618426443627793,0.1673435315385684,0.5527013856548403,28.0
397,-1.4867786842078172,0.9100085723135183,-1.7394938973248737,0.37689950905603126,0.38948103260440325,31.0
