1.026866117285054614e+00,-2.335250518570537004e+00,-7.729423565098005877e-01,5.991529912333741770e-01,5.161020585687673412e-01
1.121895217853004834e+00,-2.400888948614924523e+00,-9.418350568717257509e-01,7.000788706482492518e-01,6.456643000803728993e-01
1.245351997829743151e+00,-2.501882547153274405e+00,-8.256949298788633929e-01,9.748191791105812465e-01,4.276447219177050285e-01
1.046262076484605785e+00,-2.346758174083074078e+00,-7.615431629043465378e-01,6.389326086278784844e-01,4.994609637904178223e-01
1.301059744814881292e+00,-2.558086092159240987e+00,-7.664790370054670454e-01,1.102382870264934978e+00,2.984399461605030113e-01
1.293110915763032942e+00,-2.542383796643126637e+00,-1.251624532500569265e+00,8.813556971219970171e-01,8.321182156723619938e-01
1.507265967282891639e+00,-2.703345761816993154e+00,-1.358063667906161287e+00,1.226230958172638275e+00,8.077254491746547194e-01
1.585777583047572437e+00,-2.772765283736148501e+00,-1.307846977747363582e+00,1.391231228519689500e+00,6.823067000939335713e-01
1.307986781112489449e+00,-2.544721685700937375e+00,-1.351575180698493250e+00,8.653269054685662764e-01,9.473172908976572604e-01
1.662747062241349383e+00,-2.831231126433548351e+00,-1.121307508822962484e+00,1.610694357542566069e+00,4.370300380839975407e-01
1.488840634771574800e+00,-2.672358454988302601e+00,-1.088801289010381090e+00,1.306025624754643788e+00,5.754680670279961330e-01
1.749596544745972482e+00,-2.914439791044664219e+00,-9.339699088705635255e-01,1.849646714637586786e+00,1.459933143706529934e-01
1.536795245112898556e+00,-2.717364571212030455e+00,-1.157130180609712511e+00,1.365217850905240837e+00,5.955106985891285287e-01
1.781415916529837551e+00,-2.832592225367669414e+00,-1.383830561747256604e+00,1.709807300763798610e+00,8.313407053671811875e-01
-1.653585580967176505e-01,-7.272668535924776689e-01,1.280189873532781575e-01,-9.397339440882501727e-01,-4.436660461996638077e-02
6.689338800793923623e-01,-9.469621032733049892e-01,-2.813675009866217214e-01,-1.889554900418619066e-01,6.839207196762326912e-01
6.914854456672790972e-01,-9.603726010305989602e-01,-2.866549666964692822e-01,-1.503548764788210645e-01,6.830429590449982324e-01
6.717387479996805855e-01,-9.301995614657513345e-01,-2.916043964690000490e-01,-1.892922601123653847e-01,7.343683327232153335e-01
-1.956388125374265707e-02,-8.381105478816464061e-01,1.812664806917378135e-01,-6.514423180849946426e-01,-1.954034983045543905e-01
-3.959044266506400733e-01,2.692960918136425574e-01,2.024509438727498667e-01,-1.801732539252390630e+00,7.986884094119245381e-01
-1.428444622257286911e-01,9.001140494352530622e-03,1.478144934257705212e-01,-1.359749829642747931e+00,5.406139708958033196e-01
4.648073324441193144e-01,-4.720131933814324388e-01,1.286964590548300424e-01,-2.593206026448462431e-01,1.208538448699059964e-01
-4.846839584902240539e-02,-4.927986337088084007e-02,1.650194830084440456e-01,-1.181417167665380630e+00,4.911915121711384891e-01
9.094897778365930163e-01,-8.124282221935352766e-01,5.261749471841704884e-02,5.187603888593602663e-01,-9.520241127184854435e-02
8.241027631113142515e-01,-1.059838073490166899e+00,-2.943319967469056886e-01,8.804390687775097424e-02,6.070580349198252401e-01
3.725982869957887855e-01,-1.848349583722207257e+00,-9.353684864702578317e-01,-6.620095193573671821e-01,1.092780925617726107e+00
1.894648783477333454e-01,-1.711819365640692592e+00,-7.224587029860481957e-01,-9.052893645236020914e-01,9.844345326498150639e-01
4.699274515181677825e-01,-1.935101123435396975e+00,-7.782448104984539539e-01,-4.172649332610268158e-01,8.370606017470625382e-01
-5.567317103812303714e-01,-1.129501921237866302e+00,-6.726973638976667669e-01,-2.244924024143659658e+00,1.453830147706798082e+00
-8.040429094051605718e-02,-6.856244574832283112e-01,2.349018507946695200e-01,-5.573745110907665223e-01,-2.745964200019285206e-01
9.173718440231406479e-01,7.067451167377593324e-02,3.529419455286431778e-02,2.368534601845363463e-01,5.397857697729554483e-01
5.085408411625710542e-04,-7.496430889946125165e-01,1.697154918093977671e-01,-4.374273935330119101e-01,-2.649871934900430159e-01
2.748687255186079703e+00,-5.512292140016803010e+00,-5.589462418174124814e+00,2.386538747654610493e+00,-7.690552273025032193e+00
1.176968498856511669e+00,-1.225531187840613434e+00,-3.888129710030295283e-01,8.734509482640979705e-01,4.036627665903687046e-01
4.405608803071558444e-01,-6.864689543656852244e-01,-3.200785692736471399e-01,-4.381364248136769279e-01,7.677599773663204008e-01
5.230703001422071230e-01,-7.316095822485576550e-01,-4.225796631186179431e-01,-3.322493995702964775e-01,8.593780304041606088e-01
5.329095148273373939e-01,-7.381426781934704584e-01,-4.239274122216310503e-01,-3.148392764759048723e-01,8.560213004330412545e-01
5.062503876289325966e-01,-7.251685483489254125e-01,-3.518835947662559693e-01,-3.325658032573954315e-01,7.826965470284429349e-01
7.907163368073755194e-01,-2.065516490228830104e+00,-8.715346682951633506e-01,3.100054272129184607e-01,6.756419737135854753e-01
8.751985100142325447e-01,-2.124415836928386536e+00,-1.068167283554811497e+00,3.802806644088444488e-01,8.372391889376769036e-01
5.485049607055699772e-01,-1.863060995271196507e+00,-8.648343023033204791e-01,-1.296025410992291960e-01,8.673556426254716012e-01
5.995688349898137259e-01,-1.919695822512955452e+00,-7.392206621267138900e-01,1.779657362817639241e-02,6.635276646757709562e-01
6.718975645201867852e-01,-2.004144586321636279e+00,-9.883476537353190761e-01,4.573760792400406033e-02,8.111235487051930981e-01
6.877172468510148740e-01,-1.992140436695275518e+00,-1.057429686900200894e+00,4.387758118995927631e-02,9.257178051619900927e-01
5.482889694494200716e-01,-1.907131196837142273e+00,-1.047647999982000533e+00,-2.047693711194727428e-01,9.602680767887089575e-01
1.018091576735790316e+00,-1.104491653817346597e+00,-4.796387523749244264e-01,5.453666754617134682e-01,6.030309704580770758e-01
2.516197396851926338e-01,6.042039584515306316e-01,6.736211504226174984e-02,-9.643647273933285691e-01,1.002074232043971058e+00
6.275848248911032323e-01,-8.136660151326516877e-01,-4.279468670202770664e-01,-1.438970254614723165e-01,7.908295550241288829e-01
7.663348379201984084e-01,-9.170897988063221318e-01,-4.363239718489707597e-01,1.053823853155828744e-01,7.129479610235359699e-01
1.165400574151958857e+00,-1.396280392320253527e-01,9.298050755911618781e-02,7.146876068792228365e-01,2.690722565199287764e-01
6.160675594645715902e-01,-4.651085235984915300e-01,1.348595825779215496e-01,2.001634941780158494e-01,-1.284212959454655509e-02
-3.973562671350692743e-01,3.459730864404655382e-01,3.264520029291116954e-01,-1.567914204113912913e+00,5.401470985618984644e-01
5.003052883245678872e-01,-3.827448227014385029e-01,2.483918742712825922e-01,3.776235703837063640e-02,-6.833423040106145763e-02
-7.899243435696688964e-01,-9.416836027661168451e-02,3.666237282152677857e-01,-1.797691126440146725e+00,1.671965917652223910e-01
-5.559175519990002812e-01,-2.730752502853857067e-01,3.505494542486005116e-01,-1.378034632912882973e+00,2.878527059420433326e-02
-1.930426021953329241e-01,2.065611570990750767e-01,2.441707497446009290e-01,-1.231348190103575879e+00,5.271639011561881638e-01
6.289527872129148378e-02,7.640773831748788325e-01,2.641775697784630172e-01,-1.225986563748283631e+00,9.570241400199570592e-01
-3.417006474814116013e-01,-3.705517172028163220e-01,2.372603603421482577e-01,-8.510248373403372923e-01,-1.464165929183255110e-01
5.679365575155702617e-01,4.447610698522553863e-01,2.669824200834252648e-01,-1.196584061474827848e-01,4.685556697935976400e-01
-1.193306603696247414e+00,1.096545982088680260e+00,3.456900165580921724e-01,-2.830368827563674472e+00,1.064138343340193638e+00
1.024432866938349146e-01,8.297345705947734018e-01,1.262785114752581483e-01,-1.029579987298628652e+00,9.888861269611888272e-01
6.629548835217298208e-01,3.739076886386318854e-01,1.679354802471421659e-01,1.141924200192824014e-02,5.127870305528255956e-01
7.068939302556821458e-01,-1.899056101788337170e+00,-8.163335029956895195e-01,3.630790402607760869e-01,6.020789833526420942e-01
7.543932925782536048e-01,-1.916961952927433988e+00,-1.012199943315824857e+00,3.654617655595207015e-01,8.156813372604837520e-01
4.370424540144418613e-01,-1.686873212835621416e+00,-6.804108013770818753e-01,-7.144255423148158923e-02,6.521903037324060515e-01
5.844005537518737192e-01,-1.787901575342631943e+00,-8.160361746509104952e-01,1.389426820527440154e-01,7.215197607696268722e-01
9.279749956543078548e-01,-2.062355514785204846e+00,-6.527501277353577880e-01,8.350461433611287010e-01,2.972983428959335428e-01
8.921503097854684983e-01,-2.030123898743740884e+00,-1.128268613208213589e+00,5.675938033256118231e-01,8.288274126219730142e-01
3.628338760921093198e-01,-1.634789732285936603e+00,-7.987172528659717274e-01,-2.565290959556656980e-01,8.144114034604840180e-01
3.789760390068945273e-01,-1.644375740712614054e+00,-7.995347949705166046e-01,-2.276768892435128699e-01,8.108513706559786760e-01
6.530484012089483592e-01,-1.836144927640518620e+00,-1.006201953648456326e+00,1.829389835081487448e-01,8.846363482433553527e-01
2.108270200146709905e-02,-1.413017456377650971e-01,4.159549808199375365e-01,-2.830373157753652835e-01,-4.641496087540394333e-01
6.743962291568248446e-01,-1.871154009735457091e+00,-6.389804861664352131e-01,3.788757268782085297e-01,4.453086990158475755e-01
3.435781108058086897e-01,-1.614766990774521682e+00,-6.344226030081311363e-01,-2.221769334015646913e-01,6.670755339647754800e-01
-8.625153866873373765e-02,-1.279976691825056800e+00,-5.922678104280337807e-01,-9.882206403961276697e-01,9.224968316130156554e-01
3.696526934319546709e-01,-1.627390646019493792e+00,-6.775729589467597291e-01,-1.935735381192455473e-01,7.116442746458955249e-01
1.891014110873236176e-01,-6.943152729017319780e-02,1.936084978691295644e-01,-3.687591121958905260e-01,6.478072333167714247e-02
-2.760912657996157926e-01,3.413214506300574769e-01,2.109959427688878064e-01,-1.212439824073434425e+00,4.765182611491765585e-01
-7.072601972071785870e-01,6.593074393011648660e-01,2.395963679146596303e-01,-1.985533354413091534e+00,7.073570762595702277e-01
-2.055659520219594860e-01,2.928583563058615447e-01,3.023931789785458957e-01,-1.045491363941191576e+00,3.464646751978400219e-01
6.910984648425847476e-01,3.382889230943540992e-01,1.677715342293761847e-01,6.354475622742884744e-02,4.629472500753950559e-01
-6.366901129019454375e-01,-1.391675752717033143e-01,3.137508226160921065e-01,-1.356633477014873357e+00,-1.737688703851069522e-02
-2.343911412766494229e-01,-4.712493923237351945e-01,2.065218810017293571e-01,-6.672837601198475799e-01,-2.270144799395284740e-01
9.069579170632220411e-01,1.646991312419972264e-01,2.489665393798242143e-01,4.919444946655024964e-01,2.159680035674152732e-01
-4.822247178297584536e-01,-2.517802812895448827e-01,3.047546003066050613e-01,-1.079227980834776668e+00,-9.847736373828273881e-02
5.315369730272392346e-01,-1.639467261789010699e+00,-7.578385009076276102e-01,2.491461760702958217e-01,6.376188250338307162e-01
8.671345859675344547e-01,-1.909869424386786640e+00,-5.991147576324260537e-01,9.291139503553568213e-01,2.181054211985594404e-01
5.718688383629716432e-01,-1.665367021080097265e+00,-7.622798411458697743e-01,3.207367396618671096e-01,6.253726624987836491e-01
2.057710168419697727e-01,-1.397705798232629748e+00,-5.575822839095173622e-01,-2.589948000109199566e-01,6.277897575624141746e-01
6.785733580152888411e-01,-1.755257137176278404e+00,-6.438693764911156414e-01,5.658294963933456767e-01,4.130342486162340565e-01
6.308685966635272369e-01,-1.737711302491360188e+00,-1.063294906757955349e+00,3.020824395506072624e-01,8.408936109991422825e-01
6.662310148806750432e-01,-1.749009189693370381e+00,-9.581143253775198376e-01,4.105012049299373578e-01,7.412098160194666718e-01
4.407029358694618537e-01,-1.584804517189648099e+00,-7.564733827289586987e-01,8.527232183629814000e-02,6.630188181785264812e-01
1.643444413695783202e-01,-1.368554343063837164e+00,-6.158483102158729405e-01,-3.591249347098393607e-01,7.107872474211175406e-01
8.142127239257725968e-01,-1.864606878398732626e+00,-1.115576086438736070e+00,6.131049564672129693e-01,8.037538056134925224e-01
7.636946156982945544e-01,-1.830275214057862865e+00,-1.169528146818593406e+00,4.983718584669557528e-01,8.842528663708001391e-01
9.991677837433231568e-01,-1.995732338987719512e+00,-8.213237207805488271e-01,1.074488810624208313e+00,3.961709618190083493e-01
2.555215146411545235e-01,-3.059594584673476225e-01,-2.119981538948541022e-01,-3.668654374135664198e-01,7.107859814914888608e-01
-2.006235677017335906e-02,-7.784214841637841775e-02,-2.953624022692431517e-01,-9.055012027619301351e-01,1.018962866029274661e+00
4.179470246960083624e-01,-4.219857229204413418e-01,-2.486404218379848208e-01,-8.681739969954009595e-02,6.590795909951409071e-01
3.347880894074586333e-01,-3.496785818711827254e-01,-3.149556980386525873e-01,-2.669034456298821634e-01,8.022520347035626553e-01
3.734124658892823967e-01,-4.022876583784213977e-01,-1.145160470112904644e-01,-1.102407609328151933e-01,5.169691738422086402e-01
-7.069828848723880288e-01,8.234300615370071519e-01,3.703623207503557446e-01,-1.750767726045502570e+00,6.355478940210228522e-01
1.261915479097468484e-01,-1.346612183933676210e+00,-9.283347506507761970e-01,-5.604928593745562848e-01,1.045285660786803517e+00
4.216417967910215392e-01,-1.581000140223059791e+00,-9.422440035332640962e-01,-2.751056700416209047e-02,8.454133204627641840e-01
3.531795814931538158e-01,-1.529142067836934293e+00,-7.846079581043119422e-01,-8.555015673671666210e-02,7.258068787670571842e-01
4.782376228826046294e-01,-1.625335016381311615e+00,-7.521713817338528951e-01,1.560562427125913587e-01,6.081245663496627207e-01
6.488973635111088267e-01,-5.994279191287618103e-01,-2.608683573672354039e-01,3.289895027438768937e-01,5.166125518834051578e-01
-1.045837877038927832e+00,2.989485782930947355e-01,3.838769971331194575e-01,-1.891603969600103685e+00,1.602216890823455753e-01
4.451713141975989496e-02,9.796231552975067647e-01,1.786992446788110422e-01,-9.305247725428654748e-01,9.075596903036039498e-01
-6.227196451021582702e-01,-4.827087139058445359e-02,3.216527960197566038e-01,-1.145315357407928891e+00,-1.083050799050451346e-01
3.324837119206068559e-02,-3.352832329702788022e-02,4.642212018516178040e-01,-5.882675136124983217e-02,-5.617789988846584315e-01
2.208519737196290300e-01,8.321999347454873686e-01,2.404762818199495666e-01,-5.822999233241989980e-01,6.986952749782641137e-01
8.026375593959954591e-01,-7.457984552105595411e-01,3.007917623519177838e-02,7.341454208162112582e-01,4.795936797857473788e-02
1.491733476644982181e-01,1.015035361774456052e-01,3.299397474296591470e-01,-2.035629739355230283e-01,-3.862622843830072761e-02
5.386333352044722078e-01,-1.645158036219251274e+00,-7.600154604001014835e-01,2.614528284163465943e-01,6.335144093545452826e-01
1.169526436969997141e+00,-2.143900966432552124e+00,-9.791210304156821032e-01,1.318814655977721628e+00,4.094991619256557192e-01
-4.644734916198887120e-01,6.144906857740699557e-01,4.713226594849783679e-01,-1.264555152841297270e+00,3.173596023853710313e-01
2.186875576390639175e-01,6.233361617271874350e-02,2.548068065261476223e-01,-1.094287370208524846e-01,2.396365547063739401e-02
3.285944981881294691e-01,-5.970053506324019682e-02,2.612102158075769176e-01,9.587696379492219312e-02,-1.395127394975046453e-01
-2.455054807382286985e-02,2.129841459735125064e-01,2.541480998330693519e-01,-5.511179482274196628e-01,1.089130742021738874e-01
1.075912828523300391e+00,-2.052378876381970141e+00,-6.656801183742536709e-01,1.280357756647353407e+00,1.868612266802295585e-01
3.127309691956305926e-01,-4.771082704337787500e-02,2.363162909732225148e-01,5.625835546065363624e-02,-1.027052024489065601e-01
-3.727233307035288101e-01,-1.365575111454862212e+00,7.098068119578480883e-02,-4.511411068663370716e-01,-4.811177849144333551e-01
1.037158209810129073e+00,-2.020706820282818672e+00,-7.849908683065239812e-01,1.158805220404927283e+00,3.423687964021364660e-01
1.546685848904913729e-01,-1.352817657981672250e-01,-5.187601031934838125e-02,-2.997579939843641461e-01,5.194034910910362290e-01
2.593219608078362270e+00,-6.189489902794782950e+00,-5.877776946103240974e+00,2.872006565579907633e+00,-7.920240973093501502e+00
3.726636590408729521e-01,-2.789591573505042499e-01,-1.960649746373276103e-01,3.500032319684654586e-02,5.760756388546443008e-01
7.438376729518687835e-02,-5.679056528775906082e-02,-2.487998881254086248e-01,-5.305919933938740840e-01,8.158383714662601482e-01
-1.021157792844160195e+00,3.946841346317109256e-01,5.000504101417178049e-01,-1.615548663299501309e+00,-2.237939296706253217e-02
4.618674214556192648e-01,7.268882458173923089e-01,2.802776098149643569e-01,5.784275974974396189e-02,3.733803394608063431e-01
-1.346307523808420337e+00,6.646419923741065938e-01,5.459875095219651753e-01,-2.190062213534353486e+00,1.929849371616286779e-01
3.732341211543131476e-01,8.028451176006977663e-01,2.147304537234018817e-01,-1.319261813888427670e-01,5.184459149061914074e-01
-8.295451893387949249e-02,3.887962900028848340e-02,-2.380802133183140545e-01,-8.112445519497953894e-01,8.543817475387485150e-01
-1.923919631512904238e-01,1.445768458946366519e-01,-2.644777852043376232e-01,-1.023379207531226687e+00,1.003782222864676887e+00
2.072506714606499323e-02,-4.769868135045891161e-02,-1.465109186119436524e-01,-5.830921445980195017e-01,6.742073092944836921e-01
1.977508195645009959e-01,-1.295705620541941272e+00,-5.056227653383612575e-01,-6.874932671272858398e-02,4.929485881869881680e-01
-4.171599098637277826e-03,-1.143864292857339038e+00,-6.785214808106622142e-01,-5.098991915884429904e-01,8.016195603407131332e-01
2.015123578639076429e-01,-1.312674509430355574e+00,-5.653833526591186542e-01,-8.638587025427606203e-02,5.216942740350538621e-01
-3.295601568350869370e-01,-9.010482260055502346e-01,-4.767104002589331868e-01,-1.017038914370001601e+00,7.939063171372245931e-01
-1.037179808606888270e-01,-1.055999127980331131e+00,-4.975071225304172340e-01,-6.154493360562603987e-01,7.054026971462701301e-01
-7.102559869015759308e-02,3.875791115290927458e-01,3.905302606180695579e-01,-3.976820315922934834e-01,6.557877855827207864e-03
1.626160801125704214e-01,2.037699358526425808e-01,4.506297731282689623e-01,5.407347582179014567e-02,-2.231212083605634278e-01
2.503046180738786597e-01,1.177295130040844212e-01,3.792332981970726880e-01,1.847795122400860135e-01,-2.488237898770542245e-01
-4.801029194393244826e-01,-2.815520291974705006e-02,4.827001162429400138e-01,-6.360470918690321884e-01,-3.842993770701643719e-01
-1.032791369696475892e+00,4.023242371409283535e-01,4.850487481256074429e-01,-1.642967308921497782e+00,-2.046728253289045816e-03
8.731667555725113328e-01,3.958115606795624686e-01,3.826316626204189220e-01,8.519130992366269473e-01,-4.319998061751104124e-02
1.302910251941617192e-01,2.261061003876864151e-01,4.107808753625132314e-01,-2.163422782687624349e-02,-1.651926322977755324e-01
3.904233793979537959e-01,1.788293486708601027e-02,2.978569818473033592e-01,4.052704936272502612e-01,-2.410400111969445147e-01
-4.379580577167098143e-01,-9.798008748423214787e-02,3.176181190695799295e-01,-6.271370062007121104e-01,-3.223951649624232085e-01
-5.119849347437002152e-01,-3.716949045236040555e-02,3.670490971252829415e-01,-7.413630585232316994e-01,-3.154986788267122311e-01
6.163724718904659006e-02,2.836764767302636381e-01,4.557560854612293100e-01,-1.279720992183615569e-01,-1.554388762630596055e-01
1.714211142982848268e-01,-4.280275203781520182e-02,-1.060987960083122073e-01,-1.098884936135811480e-01,4.994599324944924978e-01
1.457258750137001291e-01,-2.146118931396721191e-02,-2.003810196735629212e-01,-1.968360469759287690e-01,6.187680345347991162e-01
-7.228901601735396865e-01,6.902504411048180355e-01,-1.605989817569972722e-01,-1.765862018926467325e+00,1.258405573645673847e+00
-3.623218846494001277e-01,4.154875787664453202e-01,-1.799044513256681244e-01,-1.116924468986652430e+00,1.041240441847958609e+00
5.598307775114713669e-01,-1.470917173205763540e+00,-8.490021742530994286e-01,6.280522603885805299e-01,5.377125988166254755e-01
1.145812021433049860e-01,-1.119315840683340335e+00,-6.356507749772725147e-01,-9.361580122579619967e-02,6.350916993785947762e-01
-4.961793464618489968e-02,-1.007469980898056283e+00,-5.022903000669720619e-01,-3.355967764137323672e-01,5.750077437003454639e-01
1.274200426241777762e-01,-1.145280560555031579e+00,-6.384665350975156084e-01,-7.040423727279730703e-02,5.937267366520021517e-01
-9.248189105496312790e-01,8.107799958823451725e-01,-7.128223011349980875e-02,-2.094272305644855781e+00,1.225578409273692770e+00
-4.486212927858378996e-01,4.324637828379043758e-01,-1.686549013206824210e-01,-1.266625938614098557e+00,9.790931200702721604e-01
-4.636756990660049760e-01,4.620357588638319690e-01,-2.000116506706081654e-01,-1.308538868382115528e+00,1.062032709240376960e+00
-5.401690688214894065e-01,5.009182642214532466e-01,-6.813826410645705545e-02,-1.390735236007795583e+00,9.314516092270973546e-01
4.368404179284394728e-01,-2.392539157235618885e-01,-1.430117806218517973e-01,3.576828753486736012e-01,3.766659489244668091e-01
4.812312834347400314e-01,-1.380881190397582614e+00,-3.208306237888019496e-01,7.070437607330728458e-01,1.045357560689374049e-01
8.324351908427384261e-01,-1.640664483554197028e+00,-4.929813398732811880e-01,1.273530975508939234e+00,7.072283377003603377e-02
-6.016353350275649436e-01,1.482011962099412106e-01,4.623805735345659640e-01,-6.826788353438780765e-01,-3.954871018439272135e-01
2.779022695903451967e-01,9.766707521468608322e-01,2.711673666210623890e-01,-9.928883576672085931e-02,4.483333451215332777e-01
3.072268499811155462e-01,-1.236782073436712842e-01,-1.421164454950875344e-01,1.208692914018006243e-01,4.980087034245563871e-01
3.095172114258278040e-02,1.182118586274352845e+00,2.824496577230338756e-01,-5.456190665984120836e-01,6.372710512549825124e-01
-2.860368973251318225e-01,-1.274832774343724329e-01,3.078673197895997471e-01,-1.708831768790895211e-01,-5.197777668106011717e-01
-1.469057712381440506e-01,5.469770339254073077e-01,4.754240782738551330e-01,-3.173881918915161804e-01,-1.058090833778759926e-01
-8.719252259151148987e-01,3.552006928054616264e-01,3.935249651714372576e-01,-1.204683074594674608e+00,-1.428900706866688131e-01
4.401132501329744207e-01,-2.729673782803180293e-01,8.961859447846605431e-02,4.642466685599739851e-01,6.255391749324891448e-02
3.937232847121205914e-01,1.256697213113052158e-01,4.473013999429018006e-01,6.565701677035813422e-01,-4.530536362779506998e-01
2.666729539212038536e-02,8.347047654972186703e-02,-1.270730570701232021e-01,-3.835453399024167376e-01,6.518399102296893455e-01
-6.837439943460339210e-03,4.126495801155711796e-01,3.758989868304792870e-01,-1.027175373015022375e-01,-1.548403989699107808e-01
-4.425434422998331674e-01,7.523369447744431282e-01,3.788555609507363586e-01,-8.959346968497564623e-01,1.455696314441567718e-01
2.679006385952613888e-03,3.897568288641736212e-01,3.539901125482489697e-01,-9.367845688514070401e-02,-1.729465034477551122e-01
2.749356425018935068e-01,1.879777893100058050e-01,3.399075574873489658e-01,3.960078399558941142e-01,-3.241916638899026148e-01
-7.422855058477939583e-01,2.869708980359954031e-01,4.886442056420282620e-01,-9.296993021597500517e-01,-2.608646444148447485e-01
-8.795240863653819297e-02,5.938740668959479052e-01,4.595652907743706383e-01,-3.365045928209908777e-02,-2.227429752855407397e-01
-2.320123489918867743e-01,7.349508448421020468e-01,4.294131533752082452e-01,-3.109075248294032590e-01,-2.719866424964328608e-02
6.096978073786121222e-01,8.131007068420684769e-01,3.059247127935023070e-01,7.033319584223483023e-01,9.329494256340968572e-02
1.568033114855353072e-01,1.182687289583777668e+00,4.885110942998007744e-01,-4.618059490650038706e-02,2.551724259315119592e-01
2.947588847946322477e-02,5.136692203050858829e-01,4.752801653907473001e-01,1.864425251575682341e-01,-2.958582711514881614e-01
2.309188018553756105e-01,-1.121270718325575899e+00,-4.169867418790149660e-01,3.944991911177890276e-01,2.242053838315362368e-01
2.621312833974470680e-01,-1.137056385660019098e+00,-4.687794308662869835e-01,4.288516973537967458e-01,2.757048030446616615e-01
1.609058996486779358e-01,-1.046515939644784066e+00,-4.126380815620632192e-01,2.675646036358759194e-01,3.125919428993327864e-01
3.458150784708222125e-01,-1.188309617635380011e+00,-6.011751439821784171e-01,5.244914192342472470e-01,3.863210201699848745e-01
2.268954575918140093e-01,1.697983939922963897e-02,-5.800164689140728524e-02,1.940238236730678356e-01,3.406330705738235265e-01
3.860541181848121672e-01,-1.076197755451758636e-01,-1.620041407851630366e-01,4.402150856044182992e-01,3.369611881861773184e-01
-1.247426712566090251e-01,3.060908048091279254e-01,5.376531182119182600e-02,-4.006704625179856039e-01,5.020108372571878697e-01
-9.509952509853834834e-02,2.952102562109858996e-01,-7.139090449826580864e-02,-4.004643668261937406e-01,6.391067055150458920e-01
-5.784408126231809222e-01,1.792336184512138164e+00,5.715291606339325536e-01,-1.353869455721893322e+00,7.613085444623960418e-01
-5.840498227651426122e-01,1.795147068065405582e+00,5.224829754542786864e-01,-1.384835943844731965e+00,8.130813593179708754e-01
2.977241657574888345e-01,3.069365878911916035e-01,5.026307754573434705e-01,6.871538073033841565e-01,-5.064555171944646883e-01
-7.855465609006379024e-01,4.250666003436791573e-01,5.414325730392048897e-01,-8.038894114683087233e-01,-3.529530865026492825e-01
-3.252216172891207457e-01,4.378242513566867888e-01,-2.845131708743432047e-02,-7.996683024333314238e-01,6.734348287633806773e-01
-8.340838171589121108e-01,8.736291917588703271e-01,-1.031942804447800177e-01,-1.761541641511875422e+00,1.192020958114341944e+00
-1.615913137478323935e-02,2.000971633894147728e-01,-1.402805018698550232e-01,-2.837179390571724080e-01,5.819006449684253068e-01
-1.233311436773544129e-01,3.254775070165462081e-01,-1.703478676102676559e-01,-4.944137400224070666e-01,7.803089697007288272e-01
7.010651442605867478e-01,-1.082199531777027456e-02,4.551738439013231496e-01,1.402778703631610613e+00,-7.455423249849401079e-01
-7.950287488639997679e-01,4.155450214795565200e-01,5.676244233794821570e-01,-8.091692530875045364e-01,-4.105797699574448845e-01
-7.271360563294596568e-01,3.548090117609392635e-01,5.190185279505997729e-01,-7.054884846286247901e-01,-4.244837712316253397e-01
8.411924798251622093e-01,6.233067580455996515e-01,2.935828170747207255e-01,1.121030081849145432e+00,-7.665002799044243198e-02
-3.260348324149950905e-01,7.516153627634909462e-01,3.871183776757272099e-01,-4.968451504339137514e-01,-4.273271417337198841e-02
3.153648697638956611e-01,-1.162022909640375135e+00,-4.731077146722458826e-01,5.230375066761812075e-01,2.798422617623261832e-01
-1.475439383183293485e+00,1.677243671421441373e+00,4.815339697359341531e-01,-2.554631801868399332e+00,7.253674936209819624e-01
-9.499790073451178651e-01,-5.947151922139810587e-01,2.509762464025604434e-01,-8.809075951621061495e-01,-4.513204134492033170e-01
-8.819303226933036255e-01,6.982237168245981895e-02,2.153991198126526674e-01,-1.239201913828922308e+00,7.975966910506745999e-02
4.081085450799316061e-01,-1.251022012426022734e+00,-5.975198919155929600e-01,6.402789074013284232e-01,3.086566146337383909e-01
5.414520204119499525e-01,-1.337408354348816220e+00,-6.082297843843430529e-01,8.781054438565742970e-01,2.646418534952957868e-01
-3.662258716895781287e-03,-9.056986218193771032e-01,-3.969912778096227890e-01,-2.680215692789821372e-02,4.391970131497922591e-01
2.401403314618482665e-01,-1.086672807034251509e+00,-4.707881870471328223e-01,3.857766198689178139e-01,3.669827741590028780e-01
-1.116339684363994111e+00,7.845720144288926834e-01,5.834019357635304992e-01,-1.206952822255863200e+00,-2.389294634333126999e-01
6.637139914825433973e-01,8.853959773223364360e-01,4.634610037826800144e-01,1.050347462764680495e+00,-1.537508498253910560e-01
-5.158529603419517162e-01,1.077115437525753894e+00,6.339456572667814260e-01,-5.604075464547109142e-01,-7.365522597945493855e-02
5.081382229555464480e-01,1.008950450177476865e+00,4.300060195355601689e-01,7.521906628295409458e-01,-4.874868957395918703e-03
-8.047998360687395047e-01,5.295758216673779328e-01,6.184817760117595764e-01,-6.232366828898253663e-01,-5.194613772070545421e-01
3.762988220062927769e-01,-1.112454455794575248e+00,-3.753656937447972242e-01,8.583961163948660156e-01,5.194328651245151696e-02
-9.074381681755739892e-01,-1.023666595865966172e-01,-1.387990739543628060e-01,-1.382683923805525961e+00,7.199473671166718436e-01
9.603586988195729479e-02,-8.948905334619247087e-01,-4.107100587780335155e-01,3.324179828146378579e-01,2.820255813725368599e-01
-1.971902163480618309e-01,-6.762325092365916168e-01,-3.339650187427490313e-01,-1.690312266550337839e-01,3.839196605694206732e-01
-6.796210251226168786e-02,3.544903798883889956e-01,-8.796227096414777069e-02,-1.742993110989647931e-01,5.176719730203135361e-01
-1.552038244672063194e-01,4.218179754439828621e-01,-1.064013356634079324e-02,-3.005644759569263136e-01,4.963038973583431823e-01
-3.786370741426123288e-01,5.857955685415117131e-01,2.467818072122999681e-02,-6.923562173948910603e-01,5.924230061726980523e-01
-5.265003221504842568e-01,7.289870287232793622e-01,-6.651709669769478861e-02,-1.002365121151857164e+00,8.523704317044680234e-01
6.666223314864655469e-01,-1.319214717055657182e+00,-7.553302689250215307e-01,1.225382669434930794e+00,2.897899073931547997e-01
5.465850310400213186e-01,-1.246098306408109258e+00,-5.555738277029083072e-01,1.092455618259982275e+00,1.197245170387596508e-01
4.358806273829802791e-01,-1.137739592383418596e+00,-7.429027594674408874e-01,8.096802205370502437e-01,4.415835887446739050e-01
-5.622945020805995842e-02,-7.655703224986637467e-01,-5.304243645239081761e-01,3.357655954033987415e-03,5.364911287231839410e-01
1.950682947269604395e-01,4.977916719663113554e-01,5.314673120327125799e-01,6.940276996949764632e-01,-5.175837131401785918e-01
3.153201973584768281e-01,1.150433594861058895e+00,3.288849236344639215e-01,3.584052688495993899e-01,2.148553076650751292e-01
-1.143297459506055436e+00,7.899708998637758883e-01,5.905497540128077372e-01,-1.252152973939622882e+00,-2.620297497934502284e-01
3.260132572713186350e-01,1.134261216893690971e+00,3.714170874885345808e-01,3.964020305872006933e-01,1.457575906730928239e-01
2.915369598160281184e-01,1.189611683045093349e+00,5.303734683042911069e-01,3.992495197811020136e-01,6.668401439316676282e-02
4.759361224806482049e-01,1.037691134074945065e+00,5.227968147517404462e-01,7.326398466706682822e-01,-7.139106084300808619e-02
-7.276744738138208879e-01,4.702613463643595670e-01,5.680938468073016834e-01,-5.039505830609819492e-01,-5.190798908041687199e-01
1.769934176283707028e-01,4.939774197651989329e-01,5.341015904271614323e-01,6.633260577670179181e-01,-5.475122126387035326e-01
-8.114948879501890922e-01,-6.030491009607317210e-01,3.325563973537998819e-01,-4.110820766914872748e-01,-7.109904268255264892e-01
3.015357370079219113e-01,3.766495254226462919e-01,4.392483895036968233e-01,8.512753822161537309e-01,-5.794199936187321986e-01
-4.039306621653178109e-01,6.972882526913982693e-01,6.544577652125416201e-01,-4.453575729847404630e-02,-7.846036986786987244e-01
-1.123683976934203521e+00,1.671391203809063697e+00,6.716105326226108341e-01,-1.471455420517863377e+00,2.788225199697841883e-01
7.764324237391039274e-01,9.141674906038091963e-01,5.561147251501356026e-01,1.476816718124294825e+00,-3.692780980697668025e-01
-1.348585504680953617e+00,1.069651719042023608e+00,7.219337736316148169e-01,-1.389296486499942196e+00,-2.898729698089896889e-01
-1.226264776983393645e+00,9.679625477799241873e-01,6.903743394270157596e-01,-1.179361370803832187e+00,-3.557081408450876725e-01
-7.333725071222761960e-01,5.876347389607471383e-01,6.407605147279249458e-01,-3.017090566472970803e-01,-6.392671453472638099e-01
-1.072705838114492022e-01,-6.029616468137477536e-01,-1.315507625774195444e-01,2.606793478638799177e-01,1.292142736185575846e-01
2.664097717743346694e-01,-9.017305045824314247e-01,-3.713563698476456953e-01,8.407806395799016785e-01,1.028520284855122535e-01
3.672538435497010312e-01,-9.812654485673059090e-01,-3.150583377906872040e-01,1.048576946252678388e+00,-2.811096997903400965e-02
-6.592620008134485454e-01,9.289318040004906907e-01,6.512610602464224963e-02,-1.005939383753988503e+00,7.232355207486691473e-01
-4.028016660859507492e-01,7.289985552916076195e-01,1.703763832060916084e-01,-4.936199706052924463e-01,4.345717987715114750e-01
8.652502877427940831e-02,3.421743033848038684e-01,1.448902602397565686e-01,3.883373584400690581e-01,1.077741344429136300e-01
3.478895914054508376e-01,1.221600433945897457e+00,4.207632144557067466e-01,6.395437829113814754e-01,1.186624066612598609e-02
-2.808668741522937773e-01,6.233318783567991517e-01,6.926070592141160553e-02,-3.134420105411514501e-01,4.314296168726164393e-01
-1.906590737535211466e-01,5.694945347257972523e-01,3.550296949331203239e-02,-1.641954064072904118e-01,4.399655715901744091e-01
-6.760719966582771391e-03,4.063352828151965968e-01,3.259419471414153058e-02,1.710468475156674273e-01,2.713626065948621657e-01
-1.088139270974928657e-01,4.942616622693777884e-01,1.550426460628884784e-01,3.643721494409447176e-02,2.329283224233271998e-01
-6.119793773071605658e-01,8.806426374469952245e-01,8.712380453595165719e-02,-9.097205863115983560e-01,6.421675976873427727e-01
1.522960020449754814e-01,2.900793399195132349e-01,-7.926605786167952028e-02,4.131052489819033724e-01,2.946605164708323010e-01
3.532769079364530551e-01,-9.570557350555383147e-01,-3.267618710773738666e-01,1.017228695133198579e+00,2.360948819307231647e-02
3.906975605996745315e-01,7.858220431682817753e-02,1.731863431019564636e-02,8.899538342575226135e-01,-2.740923589756047787e-02
7.775762693186579755e-01,-1.289982716255317019e+00,-3.374029233402718320e-01,1.786648451414625249e+00,-2.660535260381827194e-01
5.653163062934470073e-02,-7.556072899054426806e-01,-3.588105971987636256e-01,4.644856532246404712e-01,1.972115736848731593e-01
2.817001088331022585e-01,1.292808204660257809e+00,5.825696563043841758e-01,5.862779659434611546e-01,-6.755439282294631309e-02
-5.413823810062852182e-01,4.001185449434853103e-01,4.712236769408636450e-01,-2.128598120099824478e-02,-6.794719690406322288e-01
-5.634968486734407422e-01,4.290076837552411204e-01,5.290481698147478928e-01,-3.789515139362266416e-02,-6.982863151806172342e-01
6.187772268234260631e-01,1.015616795736058231e+00,5.399660680167935878e-01,1.183774836883025872e+00,-2.899352496760042586e-01
-6.309478955956858703e-01,4.767863594587623544e-01,4.752216811162492949e-01,-1.833578875752496506e-01,-6.059964914694262461e-01
1.379405511377658211e-01,1.401521566026672216e+00,3.696455139454627448e-01,2.338548891131347063e-01,2.481204408335465073e-01
-6.737713077379035853e-02,1.557707555903804941e+00,3.986682546026297236e-01,-1.278330111990657048e-01,3.516968241865803813e-01
-6.357803221077084066e-01,4.803623260046758769e-01,5.332715366975948612e-01,-1.676007090091085339e-01,-6.634007699332145069e-01
-4.724585362902418151e-01,5.464719567648435028e-01,4.614289122886958694e-01,-1.974860975159540288e-01,-3.091003700953134370e-01
-2.270450818264606596e-01,-2.129589757688143958e-01,3.002348540756281658e-01,3.543709291422633689e-01,-5.571747943979397100e-01
-3.381739671394871638e-01,9.886832593816775594e-01,5.224347827746185224e-01,-9.831888885163977965e-02,-2.673288036892163544e-01
-7.094497942290401982e-01,1.621622380870658686e-01,3.258378805354554819e-01,-5.144929974565565223e-01,-2.494087151080283116e-01
3.248450176461706307e-02,7.249441447584368259e-01,6.211478008390018957e-01,6.181828598872693981e-01,-5.739601074174105477e-01
-8.749935824344617918e-01,6.829897591616179708e-01,6.231122785754059645e-01,-5.665466166326441622e-01,-5.553419830061094853e-01
5.020408956103246390e-02,4.728432683694889227e-01,8.017063603955872086e-02,4.769066387183438227e-01,1.297431216118866415e-01
-4.050591216902273417e-01,8.454044379770251361e-01,2.194559242025551637e-01,-2.951718409704899293e-01,3.402390603221829846e-01
-1.070653173573078293e-01,1.684052062178305942e+00,4.945867926358623601e-01,2.329641549113626794e-02,1.924126421898982586e-01
-4.467393348191350255e-01,8.777089120671587308e-01,9.893327028163688419e-02,-4.222358312628881616e-01,4.944916418510050815e-01
-2.117253522217402151e-01,6.750333857716978025e-01,1.167089370318607211e-01,1.490775410957923854e-02,2.696490224452117723e-01
-2.406744560039329461e-01,-3.996710728016333869e-01,-2.453671186812418359e-01,1.517157064500615493e-01,2.627902824246993174e-01
1.463781217299358894e-01,-7.097206931303480237e-01,-2.531882503613335778e-01,8.547550035066882046e-01,-1.735400104489096332e-02
1.852460728838603299e-01,-7.300367716941612573e-01,-4.439577691486450983e-01,8.441486744240355167e-01,1.766167776675160728e-01
-1.794847834501339112e-01,-4.413161731109339625e-01,-2.987830348384451495e-01,2.402512504812266414e-01,2.893736494856333774e-01
-2.589531326700284519e-01,-3.964501327186474855e-01,-4.148322845404021630e-01,4.711292801810030434e-02,4.282990024329922929e-01
-4.322779274608938571e-02,-5.502157759895239808e-01,-4.320234655660468159e-01,4.324211877718457386e-01,3.273817014953718796e-01
-1.532583413065641831e-01,-4.758523341867545442e-01,-1.033743347138729729e-01,3.717960753004028174e-01,3.604342715848342371e-02
2.410735976318024720e-01,-7.689417939209893804e-01,-4.811576319376901778e-01,9.297984147468211225e-01,1.871098130298350093e-01
1.528402806481271303e-01,7.339424442981725694e-01,6.655943513935966838e-01,1.038923614102783111e+00,-7.748426439650871744e-01
-6.539562456826459869e-01,6.096004413884444917e-01,7.086501594210572463e-01,5.546506871112842629e-02,-8.779385490785943658e-01
6.745899035111533326e-01,1.092227124525341431e+00,6.133339138052170680e-01,1.497910942618318364e+00,-4.373225383917277997e-01
3.421842499440773677e-01,1.321393044230570801e+00,5.450073741969132524e-01,8.647400239157814195e-01,-2.011113312127884578e-01
-1.428026603302103403e+00,1.408196906753267807e+00,3.589035853087543249e-01,-1.801619995505053806e+00,4.230079169644898607e-01
-5.350630576595725163e-01,-1.374064315666385372e-01,-4.064815837254859843e-01,-4.553719932308481488e-01,7.082990634267309904e-01
-2.102525871955848835e+00,2.515993989218469729e+00,5.804571139016737602e-01,-3.111416921096025412e+00,9.387059827579411486e-01
-1.364885981083323818e+00,5.242908724870709580e-01,-2.100354400693709572e-02,-1.806023571717885190e+00,9.170881009534178618e-01
7.971975223357774532e-01,9.742746701324142000e-01,5.815771691273446953e-01,1.709569198150777458e+00,-5.397925925916768897e-01
5.160269526858407563e-01,1.208161807642531116e+00,5.947717572816859644e-01,1.201487770641521902e+00,-3.248994623670027893e-01
-1.374780835864954032e+00,1.195738011887284014e+00,7.475967088095143431e-01,-1.244053001645777812e+00,-3.622828829076427115e-01
-3.916849319481624514e-02,8.769314834640827838e-01,6.683805656493931879e-01,6.904115282347456084e-01,-6.588621660230430388e-01
2.183404129697650298e-01,1.440477929533823476e+00,4.345856465040237593e-01,5.906248487172663930e-01,5.057615181068104981e-02
8.998696847655839326e-01,-2.077487190314712684e-01,2.607664608867157341e-01,2.103934663524326343e+00,-6.909145923826430780e-01
5.814752464563065493e-01,4.507135648824236313e-02,2.768478656501326962e-01,1.529839934147861902e+00,-4.754917616692180826e-01
7.508692295290291252e-01,1.013038294119473548e+00,4.081234068597179299e-01,1.551300701622089440e+00,-3.203724525421811631e-01
-9.295115743508078343e-02,1.026919585513500932e+00,6.948829630107719035e-01,7.856060065431845763e-01,-7.078090107882913928e-01
-1.339837043598302913e+00,1.275789485324636319e+00,7.803711564242726828e-01,-9.842459290643834624e-01,-4.817348806604818123e-01
3.481389493948803815e-01,1.446473280448335563e+00,6.806434726068396612e-01,1.113844586042902485e+00,-3.577572510927948257e-01
-9.413059550082089055e-01,9.442307137041542342e-01,7.735094848953234514e-01,-2.591220445633548586e-01,-7.985741956476840597e-01
6.677467665304732958e-02,1.666635873991090921e+00,4.926487433906894253e-01,5.209367979704927487e-01,3.655374669147998246e-02
-3.014691804647711693e-01,1.947361473289652034e+00,5.545164012474365078e-01,-1.239588489549932476e-01,2.146515970509098870e-01
-6.809920744930063607e-01,2.254561335467894612e+00,5.309698167805790847e-01,-8.267491848610201144e-01,5.289421374291207734e-01
-6.486690841266014029e-01,1.133018420076734589e+00,1.874749998040374233e-01,-5.702161985669117472e-01,4.613840246596891403e-01
-3.036697018436732565e-01,1.195642310101640460e+00,7.093585684200518493e-01,4.071754157108193328e-01,-5.660403597500185402e-01
-9.448617377021071295e-01,9.243256454145102330e-01,5.928523558974239105e-01,-3.408710522095211304e-01,-6.575615100887406417e-01
-1.260686662639576294e+00,1.186755207675306512e+00,6.606036725546834409e-01,-8.890083881131698451e-01,-4.724407216870556980e-01
-7.851719829268368755e-01,8.056560869079197884e-01,6.417973060469702729e-01,-2.933782701327471501e-02,-8.068035037133246545e-01
-7.793003418279242922e-01,8.063946670932325977e-01,6.822390630587142901e-01,-1.691648787487858799e-03,-8.417833902045397387e-01
-1.237171070128035844e+00,1.179650552324071233e+00,7.884066387568070544e-01,-7.926451715464651882e-01,-5.972594859202281503e-01
4.011385833050448713e-01,1.387339226772223322e+00,4.587600955468043029e-01,1.117371033259786373e+00,-2.020985834871926734e-01
-1.467442471980078045e+00,1.367573130343958887e+00,8.034001030307347246e-01,-1.206746386269601290e+00,-4.336805150622664584e-01
-1.315880423829331569e+00,2.026643080852097878e+00,7.829841939269717166e-01,-1.409871964610556194e+00,1.548891501811742455e-01
-1.755859812142224197e+00,2.368198142828606301e+00,8.059465372595405741e-01,-2.202383615271620965e+00,4.344531400529734744e-01
-1.356261218765163257e+00,1.459148531089845102e+00,6.432027249376910394e-01,-1.368111390006845784e+00,1.504595001628894826e-02
-1.648403219936629638e+00,2.245187328889507228e+00,5.899831594594094897e-01,-2.095529509097607601e+00,4.978188990948844705e-01
-4.158393924152212762e-01,5.296311821551965560e-01,7.276204251837091741e-01,6.799640415200928212e-01,-1.128011885667385750e+00
1.978865543212586564e+00,-4.728853243173857912e+00,-5.054365665705321753e+00,3.320086198724343074e+00,-8.943079775033517365e+00
-1.248036446222966500e+00,1.192364099114929132e+00,7.464062655073567809e-01,-8.305292863324603703e-01,-5.364720371289630751e-01
-1.080265696092801153e-01,1.055758153178774972e+00,7.277906177211085348e-01,7.710850497893561029e-01,-6.940865541783122206e-01
-4.452239166320827168e-01,-5.877901453826001044e-01,3.839143672866363599e-01,8.260886512323596387e-01,-1.247750905983235459e+00
-3.217414672709342227e-01,9.542142215823533613e-01,8.389102741710116051e-01,7.300693441302922304e-01,-1.218598360917510615e+00
-2.476770530476083976e-01,1.141404892666082693e+00,6.119657571682916020e-01,4.686328991254946064e-01,-5.268670240371476909e-01
2.796708555660684326e+00,-4.667186222633919357e+00,-5.293122650829730880e+00,4.244346224066235962e+00,-8.764338961541984219e+00
-1.106234534723887108e+00,1.071461818701114455e+00,7.018954343162820964e-01,-5.901748382661246017e-01,-6.118159949651811313e-01
1.853498679576411623e-01,1.676777221623711345e+00,5.983495250080830274e-01,9.644339532880360499e-01,-2.276006108770979863e-01
3.886351982761683532e-02,1.795122846907223124e+00,5.440526061086983223e-01,6.740568074617134808e-01,-5.976818306534131819e-02
4.042578771279830008e-01,1.500338174566072658e+00,5.073039637233380805e-01,1.325374802899841553e+00,-2.979850726373863834e-01
5.038152809030440604e-01,3.119436082259601783e-01,3.818892675490085931e-01,1.797593870560015850e+00,-6.708230343240600968e-01
7.146965618740699355e-01,1.251272489015187395e+00,5.721040877756060627e-01,1.919433687031053548e+00,-5.977696862756849416e-01
-1.008708587676830692e+00,1.117419432743419039e+00,8.524905520511141255e-01,-1.672213506525917215e-01,-8.651891743882287322e-01
1.949777217711430588e-01,1.685606709825169913e+00,7.834405018840349122e-01,1.059491579836740582e+00,-3.913736018639454861e-01
-8.664108210889315265e-01,1.001797606261335849e+00,8.379863416357861139e-01,8.640654510801669408e-02,-9.596249869170954128e-01
-1.245432612038903208e+00,1.298870277280095076e+00,7.964204976491885413e-01,-6.225229193944279427e-01,-6.483851458674201318e-01
-1.515709751292183993e+00,1.519816454836459885e+00,8.554774423677432571e-01,-1.091020959242721133e+00,-4.987753302929060495e-01
-1.166028614536960495e+00,1.230170266736359208e+00,8.233930204487969196e-01,-4.658262465765734550e-01,-7.470885427795312950e-01
-9.111818475873501022e-01,1.027790051597772036e+00,8.032000028129778757e-01,-9.467594052185239820e-03,-9.117255792021460303e-01
3.715349637220721202e-01,1.526683393757104490e+00,7.032015099280342074e-01,1.348851887288843976e+00,-4.782492912384918582e-01
1.908827654428213172e-01,1.683264402630247680e+00,7.381106157733463569e-01,1.033177869175424313e+00,-3.536018309712391505e-01
-7.186338692339678813e-01,2.402853248930131969e+00,7.842956050837296411e-01,-6.064936659996753576e-01,2.557123865628009862e-01
-6.993162727942126011e-02,1.111289110884384090e+00,7.173981934625669465e-01,1.019615470524668055e+00,-8.192254063328221481e-01
2.036331273668614106e+00,-4.700666204427656147e+00,-5.061488531593514750e+00,3.606217406236698508e+00,-9.112755640120283829e+00
-6.817994010146771755e-01,8.327807795705185478e-01,7.317559369868753549e-01,3.795460960027706721e-01,-1.032967057296888758e+00
-1.151463806173230964e+00,1.207401048998418380e+00,7.514740547876654908e-01,-4.691049730323798017e-01,-7.072857677535443477e-01
-8.750449365560735160e-01,9.687600381269875216e-01,6.985637027101904151e-01,1.380657382642445745e-02,-8.954315107056093348e-01
-1.495019439477360823e+00,1.474297699499177217e+00,7.231972440702597593e-01,-1.107498668234549344e+00,-4.404991929925040628e-01
-1.465077489805464594e+00,2.196934952694469700e+00,6.519463077297569242e-01,-1.552143144911628303e+00,2.171454226455969139e-01
-1.501519430647697773e+00,1.124503706939248060e+00,5.812791543587479959e-01,-1.305179673477166791e+00,-9.657776310875058889e-02
-7.130904277584684259e-01,-2.657404732717587592e-01,4.465430891332273777e-01,5.460672737406754296e-01,-1.174421250422367669e+00
-9.730227898684240539e-01,-6.771762183350771291e-02,5.452756837780365906e-01,1.141238304589777680e-01,-1.106118667641400544e+00
-2.017788898976332068e-01,8.716216708362045651e-01,1.946339846248516525e-01,4.310174027542585384e-01,3.723956928670955902e-02
-8.756508663042646967e-01,3.589748693562751503e-01,-2.910366391256482554e-01,-6.641044586810695982e-01,7.393871336541383288e-01
-3.581900945573147088e-01,1.007313690702955178e+00,3.192702110928865022e-01,1.978836588043555167e-01,4.632003138747135818e-02
-3.699208383520601884e-01,1.001061958621009440e+00,2.250562431517143247e-01,1.376173228956759365e-01,1.182365520413928145e-01
-6.418586510818043989e-01,2.434948256805567368e+00,7.796165702442608980e-01,-2.855398615672636864e-01,1.129875244319656358e-01
-4.784400261313145886e-01,2.298568997920880985e+00,7.719896636771564902e-01,9.807178664510649360e-03,-1.293617798348872978e-02
-2.863394486061177635e-01,2.159554315217887321e+00,7.610058040095070142e-01,3.547762580302612490e-01,-1.115298107480017231e-01
-3.348030636293518325e-02,1.939043288819326305e+00,7.499214680756129958e-01,8.127068227462325156e-01,-3.283131344673176355e-01
5.939647298027679601e-02,1.879959098316987598e+00,6.553690237187254075e-01,9.412017124502723986e-01,-2.650754699143341164e-01
-3.387499056340608772e-01,2.199718260585836305e+00,6.139976061244608596e-01,1.969924018093248685e-01,7.653772586359286478e-02
-1.226307407343752293e-01,2.006864906383248215e+00,6.475000969602909828e-01,6.068183322174252048e-01,-1.630517835863176113e-01
1.558281462974255405e+00,-3.451384245371185155e+00,-5.174012872564212273e+00,2.398479654187827492e+00,-8.067251941663263537e+00
-2.498954096065992558e-01,1.376921738144946339e+00,7.752918703861297889e-01,8.969631372916754275e-01,-7.747566126685485610e-01
-1.372910826522056871e+00,1.505464248018234530e+00,8.764329987173146153e-01,-6.389528246713274129e-01,-7.037524791799451007e-01
-1.247988393678933994e+00,1.407297513438228176e+00,8.700260788549415425e-01,-4.138129276103533205e-01,-7.858893895764289539e-01
3.776744897315079674e-01,1.631039679915797125e+00,7.529748505011670812e-01,1.563165053295549445e+00,-5.910285432594769572e-01
-9.173809930207992014e-02,2.011547392881624319e+00,8.032807073006424936e-01,7.274692939471923969e-01,-2.835906558185359860e-01
-7.202406659190340177e-01,9.786789575909039529e-01,7.340177273534246316e-01,4.918958818052306947e-01,-1.049675861819953537e+00
-7.584513194226937260e-01,9.985823120564342181e-01,7.861178640112127525e-01,4.450252188341222714e-01,-1.099697530245096866e+00
-1.192636786845597152e+00,1.351400166616505860e+00,8.031365070135458861e-01,-3.403987905105635980e-01,-7.831018998221533911e-01
-7.891329233877006910e-01,1.032011778115282441e+00,8.478254508986682314e-01,4.146664618522634127e-01,-1.121690836627901922e+00
-9.121884058252055505e-01,1.132744494750421715e+00,8.537544698389532005e-01,1.924718759717741479e-01,-1.031422193894890871e+00
-1.010692254470968887e+00,1.211146111223511790e+00,8.587121580738245052e-01,1.484106027969321444e-02,-9.643461620951565560e-01
-2.889074921435429988e-01,1.051781807491940723e+00,4.411509221891021237e-01,5.583459308243245989e-01,-2.084286752284294497e-01
-2.776002448272350542e-01,1.083005745998394165e+00,1.238896268190556593e-01,4.423254395879920309e-01,2.019726502443248695e-01
3.382130341960833397e-01,1.659690031032569291e+00,5.609432160415791513e-01,1.409774322937210389e+00,-3.673139754331778417e-01
1.375147110785982230e-01,7.403936209420096670e-01,2.211144085254256597e-01,1.241432975458699683e+00,-2.298079023563309176e-01
-7.517572078047740636e-01,9.810509788901126127e-01,6.459873315378302783e-01,3.984995604394417912e-01,-9.851229250995451325e-01
6.415803352914256630e-01,1.414924129494630201e+00,6.262251232312445737e-01,1.991219608931077412e+00,-6.653663025064207037e-01
-2.917117974420599391e-01,2.145208222089865835e+00,6.132477559111990661e-01,2.835908077133577621e-01,4.891163704930033204e-03
4.466820840566355921e-02,1.875253417845109460e+00,6.385687176152471389e-01,9.082468776146581657e-01,-2.732210928828646690e-01
-1.951192215109816885e+00,2.752921096269433043e+00,8.882574682542618838e-01,-2.160585742237700391e+00,4.031499834397899718e-01
9.142089888567278555e-01,1.197334506175803837e+00,6.125603985854339850e-01,2.482909773707099088e+00,-8.523996625914018743e-01
-4.589985204380980233e-01,2.288017606542851468e+00,7.392458871305626067e-01,3.118671474920947650e-02,1.750335350254500488e-02
-6.350354331506860017e-01,2.424594315052420068e+00,7.524671432452350039e-01,-2.842141140424932488e-01,1.250876193694430705e-01
