,0,1,2,3,4,5,6,target,target
0,0.6241107293582775,2.3212702762507322,2.4746725475518394,2.676239491768637,0.37525328274170605,1.713566613967501,-0.12035163022976814,1,1
1,-0.4559879751138232,-0.957350981616934,1.1395948039925232,2.4268383314483732,2.2737671050570656,-0.7878606392455334,-0.08151335613680885,1,1
2,-1.828804911702199,0.04288477369552561,-0.45222878130146094,0.406414912371525,0.8678021784707044,0.7675506552967754,-0.10485189594835473,1,1
3,-1.7160060511293933,-0.49533732349483517,0.03063102222167129,-0.11216161183905278,-0.23559788280544094,-0.5026646201047161,-0.142754262607979,1,1
4,-0.3713564209603487,0.30115617527485217,-2.8410693286312814,-0.8090417075816777,0.011388963279453535,-0.08549454809344506,1.4155956221029777,1,1
5,-0.6488674600154553,-0.3828823498875358,-0.07679104884936518,1.4939809620581292,-1.1375477070904634,0.7089834808707933,0.10589450874278107,1,1
6,-0.07265340407744453,1.4602195418443864,-1.2217869045636691,0.7170475255970467,1.134783983588593,0.4899947431854046,-0.36316200796922954,1,1
7,-1.905925744364425,-1.1519947039026743,0.03609530006056279,-1.0856372914932177,0.6373446345216335,-1.0761447121293772,0.3250544020859799,1,1
8,-0.9057327686949428,1.1780250504995953,2.7355140809163254,-0.29619011054083677,-0.016289042603878593,-1.0937299929442805,2.184813572385013,1,1
9,-1.4245208404419014,0.060044046845166746,1.3003958366273332,0.9123934410115886,-0.09296772402247624,-0.9706030811541392,0.03319238415867225,1,1
10,-0.8292492470602564,-0.4311116619750735,-0.17236702742125892,-0.12358633617539444,-0.2607648246308277,-0.46117027684101203,0.3797734319978201,1,1
11,-1.768370519546367,0.6660820101326094,-1.250478696613276,0.6334652146567367,-0.24758428853224,-0.582387787308724,0.3074978494063231,1,1
12,-1.7303936368343513,-0.3621224517605167,-0.08424051436637042,-0.28233450042468633,0.1523490199364674,-0.5004499976282965,0.2370359497084027,1,1
13,0.4785795416708022,-0.3661008797524606,0.60152377709563,1.1889037230613622,0.5082500699193307,1.0611210747914883,-1.106580062238025,1,1
14,-1.1390499920351893,3.315050332262968,0.921917153877386,0.20304310852760607,0.4279175454188185,0.6002262834626597,0.9440350938520916,1,1
15,-1.153057282058823,0.033884279165863625,-0.5615453565229926,2.0331124605050253,0.2032838849530097,-0.5966501322230111,-0.1267821154596937,1,1
16,-2.052896347259232,1.443043754804893,-1.7736100778153705,-0.155618366011324,0.13156184663086073,-0.8981941506059585,0.09857642270643949,1,1
17,1.2466056708726867,1.565632200024815,-0.1763162670275814,3.7084784732227036,0.18063004966294974,-1.1422037518064352,-0.5358988753941045,1,1
18,-1.1789879491220434,-0.5932883567172432,0.09982162410699305,-0.14282692312883194,0.48916431450506326,-0.5264265984582676,0.8684706803922017,1,1
19,-0.38779899591059286,2.045096824834967,-0.12678002528285742,0.8280324972015894,-1.2531862521975365,-1.7518815282080187,-1.0279385826611969,1,1
20,-0.01094845811134776,-0.7395335493427966,0.021737166959017576,-0.14568731255606004,0.2922769814843664,-1.101454831237769,0.23000029579131925,1,1
21,-1.692883768563247,-1.0547821086779228,0.34110498417640944,-0.13854029564029402,0.4194786062066793,-0.07172984749232045,1.134159651784784,1,1
22,-2.0368447948531347,-0.9448166396709526,0.06493826210495852,-0.4926928903021758,0.06039570971950814,-0.18422360972042015,0.8602190916765942,1,1
23,0.9355595750181404,0.9216097530576499,1.559871514879922,0.9006840445434959,-0.5989687886101658,0.4027452527458528,2.206510437012637,1,1
24,-1.3266417694797668,-1.3115495669337,1.406243472175717,0.0413944969976076,1.3555909394533592,-1.210426849773059,1.1698737417127767,1,1
25,-0.13964491905677712,2.6025569548593306,-1.161274535959272,-0.6103158011500617,-1.1802302758616092,-1.590030083068312,-0.03388226094747879,1,1
26,-0.7386948697878144,1.294336196941941,2.1698897199045604,0.5597863405317212,-0.7853502902861235,-0.29608237993318187,1.386809528906948,1,1
27,-1.4698527314538266,-1.2890554603908537,0.3936404000890409,0.9571303211664555,-1.2134010905733723,-0.07334069763573953,-0.7012101241218947,1,1
28,-0.14471858316148098,4.117991721577423,-0.5435389477140392,-1.33187095179124,0.21344714561131478,0.39760141401269733,0.5846506981364368,1,1
29,0.23344635821122417,0.6838632987755551,2.45470480200376,1.6767153813713336,0.505321545688293,1.587735713770488,0.22229613896570646,1,1
30,-2.514627066562531,-0.9040608377181747,-0.847034501927582,0.23764149180132313,-0.9734309910941483,-0.186006569717596,-0.04178951447934238,1,1
31,-0.36090983244052843,-1.2360729922411544,-0.04075291431294143,-0.4638575236401251,-1.1444276337060741,-0.895610290874407,-0.2514497794093793,1,1
32,-2.2938197146461543,-0.41150095933684805,0.5684886586283762,-0.7716582440206845,0.8914974557063016,0.9336601827186647,-0.3065307347068296,1,1
33,0.19513872342776237,0.37003039537562077,0.5456259093644554,0.8381856449801084,0.966502991238191,0.6934142943565582,-1.5239275817173739,1,1
34,0.041797877050004574,-0.4347628817312634,0.7855310650255942,0.13934967986765673,-0.06054671962944838,0.963971854951992,-0.7854059357800549,1,1
35,0.3661865817304825,-0.09364669888576282,0.08238659704217322,2.329148187796527,1.5251208795207887,1.2043909540642233,0.4921521062582268,1,1
36,-1.8720967232078782,2.271496408069664,0.06709569429103177,-0.06504432635522876,-0.47916536203114973,-0.2099624342815285,1.8756160666803106,1,1
37,-0.6128684818538506,0.4382208052473182,1.1392290909090037,-0.5765982425067238,1.570200623391741,-0.57239263099546,-0.5374658164717555,1,1
38,-0.8769842596347516,2.014562811748554,-0.9691141021867259,0.7632452001892509,-0.3350129658279921,-1.202677282240751,0.3389353806136538,1,1
39,-0.4293908619809606,3.211685713303963,-1.4374587618094534,-0.3652406582373745,1.0738551940275973,-0.18383396956897224,-0.2219802923067467,1,1
40,-0.5575702713681686,1.7477548163671879,-0.9310577582810343,-0.06583569818986029,0.6092077617339323,0.09102678145161278,-0.7450024104865269,1,1
41,-1.2608109327552437,-0.16406270927576347,0.4057325135056411,-0.028250078511684852,1.2481542265327692,0.9415617431635621,-0.5248838009944908,1,1
42,0.9114693567382097,-2.294475469268644,-0.14501683326939357,0.711688762792174,0.9096971373395514,1.7634405758320084,-0.2266258220680827,1,1
43,-0.22686725456465515,0.5822511920879383,-1.5719808044761292,0.45782627024833966,0.44909297494280626,1.0683327618805003,-0.2554674003818128,1,1
44,-2.287910243155667,0.6013986200739352,0.23782307410231238,-1.096553543663613,1.872790411105983,0.5395006353846331,-0.13153740078853254,1,1
45,-1.7606672440270656,-0.040944866882170576,-0.727951365675873,-0.8142854947012517,0.23588031785323887,-0.5064170640312331,0.07259840188521549,1,1
46,-2.273294067156452,0.21273661881948852,0.8499055506105184,-0.5210993875685166,1.1431897223455978,0.6533935602785458,-0.34577196834427515,1,1
47,-1.7033120296893176,0.37030882860156616,0.4560087722901855,-0.48327612570043216,0.8168553111892265,0.7138937848988621,-0.5433328309155814,1,1
48,-1.8683657247611134,1.4291322593124838,-1.2849045227329834,1.914532204685958,-1.5221797215285382,2.578169290823808,-0.9336525388873862,1,1
49,-1.282630705212893,0.725685018251341,-1.2828152046475916,-0.3865901163964929,0.10215485245818404,0.9116617268447805,0.07182790946804077,1,1
50,-1.5377448297018155,1.1078852110724005,-0.8642049095733397,0.24979560012124638,0.4893466551505507,0.5868353230354599,-0.525486746302823,1,1
51,0.2543159752063012,0.39720564255237534,-0.8748115508941605,-0.45007665406147807,0.35839072581623127,0.9857975684989971,-1.0438627646932233,1,1
52,1.0474668614937155,-0.007428576723038878,1.2083282388157597,-0.057392988840029795,-0.7752553694785719,-2.108526847261167,-1.5452331723234696,1,1
53,-2.3356088430647706,-0.9816803144163037,-0.0017929489909853794,2.1305707233565583,-0.18070675758523716,-0.1741055907531619,-0.10832746252940786,1,1
54,-1.6783855507437173,1.8432302043000979,-0.7873970488129852,-0.07048995161614269,0.3288968252822238,0.325565391350591,-0.579618624963789,1,1
55,-1.1550143199349225,-0.5465937245555472,0.5523734053719352,-0.012953282277919417,-0.8753473066361123,-0.5912825465580236,-0.23078715698639177,1,1
56,-1.9294898377697705,-0.7067235121130085,0.04990150895911378,-1.0743262286420026,0.5019427464588198,1.1512814060880285,-0.3542406296522667,1,1
57,-2.0025682534041063,-0.7520053443798356,-0.30688300434494475,-1.3206630024024648,0.7492630924661468,1.1938572288783367,-0.3814629102805788,1,1
58,-3.1283756724781537,-0.891051335431033,1.4201795775816652,0.1527600687884822,0.9912731424752288,0.9716774327779407,-0.8033301452970689,1,1
59,-0.8066694906421424,1.2294754108753523,-1.8116718326812342,-1.1797796734218198,-0.15458528836539193,0.6448197985407422,-0.48627028897294344,1,1
60,-0.3945603239735327,2.5093338280852904,-0.020099946668815878,-0.3833047495748805,-1.8069952885572682,1.1880589918577076,-0.3203559192671701,1,1
61,-1.2714704844721236,-0.7382232376650804,-0.6875647860183763,-1.2923142184795684,0.21384253803646328,-1.097806960915171,-0.18134017319825702,1,1
62,-2.5328799676519367,0.24763953743398914,1.2280996478463706,1.3974234697589876,0.49060021485263683,1.5608436843416593,-1.3523758342658398,1,1
63,-1.3507940382506305,-0.8951696947212897,0.1419645136730287,1.7466382559139388,-0.7355189617891406,0.9199893178375762,0.17506505114012524,1,1
64,-1.362305492812839,1.512344051463741,2.144669593064766,-0.465869365461477,-0.34803491067190356,1.285165829770539,0.6557954768369055,1,1
65,-2.1592372059436244,-0.8487899676359466,-0.5784703516894737,0.7166994756132167,0.2602677461907782,-0.3223793031632298,1.1846437291238971,1,1
66,-0.2277753187205156,-1.8067934331094126,-0.047099341861657935,1.1992095366471323,-0.1428487175699692,0.3361967307613211,0.053675462579305014,1,1
67,-1.349093902832537,0.4010420077985017,-0.665576491658255,0.7532118956929086,1.188538350896156,0.8558857161391838,-0.17319194967154194,1,1
68,-2.312042819733555,-1.1367522673607084,0.14972230636313247,-0.13941155031684108,-0.21409627022345049,-0.14077846417603537,0.18050264841020958,1,1
69,-1.4724571114341551,0.19183444676058803,-1.4912826145621982,0.22344519160387818,-1.215235760410536,-0.30760796312202515,0.32916679574098195,1,1
70,-0.35829053520353954,-0.21524259853669947,0.466227474316254,-0.17637207935106028,1.295989318575878,0.05791667639650306,-1.1353031075734115,1,1
71,-0.9006579702810507,-1.987690709186472,0.06986569230503685,-1.030435272327169,-0.5648814191657088,-0.6095345693820832,-0.040890731214842456,1,1
72,-3.102631485221797,-1.1413941718540719,0.9392320348759409,-0.7506548959299384,1.5047725746303748,1.1021939431276717,0.11141793919187228,1,1
73,-0.7777274742360842,-0.4081371740196382,-0.348442105620639,-1.5620664739892502,0.9085943191765475,1.3372843222047004,0.9102819096435854,1,1
74,-2.0225546929612643,-0.18493445716491244,-0.5031680006912952,1.6410098166808735,0.22110898886602365,-0.3375749660204035,0.24563782664682013,1,1
75,-0.3691413086450214,1.0030777841931435,-0.8579572951114623,0.9686151349737527,0.9774909214926862,0.5874471104195762,-0.4496974612917837,1,1
76,-0.21737416222929223,0.879489278686754,2.1300657201558995,0.7769705009171116,0.8723782889669945,1.2158477460020245,0.2571008842412694,1,1
77,-0.7003501635056806,-0.5387106510553007,-0.09187340130438802,-0.35141469414643056,-0.5123323274297931,-0.036415719923007656,1.1240854650656664,1,1
78,-2.0327202282705894,0.2564631776752297,1.729643550201477,-0.35341648272115084,-0.9504534691591544,0.32224965585074183,1.6194262292716577,1,1
79,0.29709938794248786,-1.084432883105247,0.19003139200540753,-0.33076834996974463,1.1038027737963234,0.6169872381821236,-0.5653774772883989,1,1
80,-2.862427974999072,-0.9408494731791094,0.2600124595463327,-0.13504506496540614,0.27274241376184827,-0.31238308949947957,-0.03802219745529717,1,1
81,-1.7504477151052797,0.14889273054756014,-0.2911881840241233,-1.2222383735739608,1.1321631813667044,0.8551107847621979,-0.3642450093939369,1,1
82,-1.7363424713300404,0.9785354171500639,-1.733772623199529,-0.26207902091080737,-0.8617746726714547,-0.8123638149402642,-0.6977760287168129,1,1
83,-0.578469356292357,1.6077120205192534,2.366218684773003,0.17297008223678295,1.3182622846692726,-1.360043826658768,1.6034099447438181,1,1
84,-0.4450090184323898,-0.6846989018972212,-1.918012340167006,0.6655020800348913,0.27339601416038817,1.5906994662195655,-0.6278960224043404,1,1
85,0.7361846430405566,3.199743977656944,-3.126987238620013,-1.4613529217731482,3.0288363488765215,-1.0571125975630988,-0.9692714316489794,1,1
86,-0.29963969659245204,0.2323488028680499,0.12266389495966462,-0.8190604113040182,-0.4734834948589529,-1.819994409498281,-1.0265539015561431,1,1
87,-1.6691960892728408,-1.168083812214216,1.5513386832052227,-0.7327481475317993,-0.9395938401406202,0.015750394331544324,1.2127105069852424,1,1
88,-1.130828979240097,-0.0724242832591466,-0.6800649362457443,2.044272094273225,-0.07059668795127173,-0.5406341968490757,-0.4202992509552183,1,1
89,0.19467767203981004,-0.1558395031571508,-1.9352457990669383,0.8518793634638497,-0.3087862213763685,1.3605205987218707,-1.1158666703851823,1,1
90,-1.6672030918546206,0.7717012624634927,1.9742966109595343,-0.9719963020855661,-1.3704128408674634,-0.1782020324699301,0.7794111867465707,1,1
91,-0.32856214507549336,-1.5303854952015206,-0.16818734653724063,-1.2125978895655305,-0.17590722957003202,-0.563698116456324,1.32509048878996,1,1
92,-1.0165916847457683,0.3471781396689113,1.3114090933782754,-1.1520267994251912,-1.834676584877356,-1.3404667792110234,-1.20818367442768,1,1
93,-0.19181226162285991,1.7096917899494661,-0.18402225299858452,-1.2270470067388428,-0.5272081462552184,1.6827236284385174,1.8361642078100697,1,1
94,-1.4926280567039878,-1.0904065890910648,-0.7749826590894465,1.8569637137527197,-0.865239035538525,0.203798838679622,0.06442341545643636,1,1
95,0.9624408867226939,-1.0988380224887024,-0.38459067678888803,-1.3645685111622716,0.1285936339231257,0.9236633977135152,0.6230144390241629,1,1
96,0.5195600810437201,2.1630423644990238,-2.4004787757447197,-0.3000586506375826,1.426634020378801,0.38392627288154324,-0.17934623294045038,1,1
97,-0.03645563016971784,-0.5175540303147591,1.4270497954547468,-2.118992173345641,-2.388282656499271,-0.5282267119663728,0.39931890409136456,1,1
98,-1.1914700046218736,0.005765956783511458,0.17955668824739834,-0.19731906054159246,0.5444064655854464,-1.0239453066587698,-0.2744775416528195,1,1
99,-0.9039420109168359,1.5885680889435931,2.399063105701511,-1.7279652781470052,-1.2358536127645472,0.8101158515638858,-0.33408153430769344,1,1
100,-1.6433009337893774,0.8168295128119804,1.6612524621366471,-0.6878160453358322,0.8027180072580269,-0.06978579059011163,-1.093009883734607,1,1
101,2.2143324897880183,1.5765376923113,1.8093720441251135,1.977024038491432,3.176813337148623,-1.262141746220432,-0.8223997132430317,1,1
102,-1.3241053968746366,1.0658601388651625,-0.388233918679005,-0.15726978925916696,-1.6321043897551022,-1.0865322433467433,-0.20419716287693626,1,1
103,-0.9450989261069027,-0.34425592707549546,2.4007207961437587,0.822883602618621,1.3369759760962403,-0.5072789690173509,1.4162420292366171,1,1
104,-2.2030500615677333,-0.547149621380413,0.67942033885589,0.35359441932329266,-0.40968280968875365,-0.4200261338810878,-0.059488397873894046,1,1
105,0.44283182200857724,1.0626180821780686,-0.8224689911988021,1.856412058882614,-0.3356295705314045,0.6771635967300226,-1.5156340353532753,1,1
106,0.5550509594621141,2.84941901814004,2.502590735357158,0.4466381519790829,-0.6894223765316152,0.7812428774692237,-0.0034096748131354484,1,1
107,0.050364396340736,-0.2944632782640321,-1.4013155305152134,0.29812800964141717,0.790501601402257,1.6298099816408471,1.0859712531091503,1,1
108,-1.7010015191941303,0.03627697458881826,-1.2449437152477059,0.6104634629646969,-0.2531922713422278,-0.511476259736045,0.26200220498460175,1,1
109,-1.6171275860619,0.028055346251614044,-1.7422251952069352,-0.5405758223421893,0.0124898537182074,1.2059075401363575,-0.37166071843324466,1,1
110,0.3823968401141794,1.9083890254989921,-2.1059926235990534,-0.6515135751746195,-0.0173516885332727,-0.6051630422218502,2.3740254602420046,1,1
111,-1.1704421412921353,0.48038039495907603,3.2302229012334163,-0.3458275628348441,-1.2093825009068764,-0.9837974588596066,1.3210746619064337,1,1
112,-0.5501814306917613,1.5519272671848192,-1.436569215023216,-0.2306628094891909,0.011135129114022809,-1.7889067056134735,0.2025977740025491,1,1
113,-1.678490814851162,-2.1427359775389094,-0.0896267514531659,-0.9339632837176256,-0.08589575801912365,-0.6030520529515181,0.2659022983173898,1,1
114,-1.4573424377246493,-0.14897905295644778,-0.2828131911238375,-0.3095269645108825,-0.43154844852474317,-0.4045643386987272,0.07260656074814675,1,1
115,-3.027723727945425,-0.3849855078493083,-0.5843868637586314,0.7379095599611563,0.04149336358867774,-0.3374767744814745,0.4887110433200955,1,1
116,-0.9700181791798959,-0.5294957031059183,1.1574446795646325,1.0761673064424964,1.6713714026336632,0.7150169106336575,-0.8193048770840023,1,1
117,-0.43311909447085734,-0.31156823011891405,1.5508254044407044,0.8313300427884648,1.5208787422362622,-0.32599161877914284,-1.535183824983175,1,1
118,-2.668269525295553,-0.7164220288443418,-1.0983268503253185,0.4755163331087831,-0.6227015840524055,-0.11168495989725337,0.18899429116080607,1,1
119,0.028491590190882734,-0.1913427210817664,-1.485899496499342,0.1930945045152394,0.7566894234832025,1.6308381274809693,1.08744707251705,1,1
120,1.4965314989064522,0.9697704897916839,-1.7967858575351565,0.6576803318796816,-1.2360582586954334,-0.91680050536248,-0.6440921191581752,1,1
121,-1.1962362543484821,0.5179784864794628,-0.2918229134763368,-1.3717235612912115,0.5477705946173343,0.7536332345403939,-0.2926210934957916,1,1
122,-1.875793314105854,-0.16611733258302527,-1.2224176033367111,-0.401543387177923,0.9996225238009597,1.3320882608493438,0.5006428589125966,1,1
123,-2.1487833363210296,0.8530203522968919,-1.1611862829104818,-0.14412186461926899,0.3657535231981363,0.725742114390688,-0.8785689017599878,1,1
124,-3.4317436150307916,-1.028137703867064,-0.7194532408774462,0.7335088569821517,-0.2773612973263407,-0.11452298905282475,-0.030086916772515696,1,1
125,-3.0448000433459863,-0.8497848248019451,-0.6647103073145015,0.5158306311758817,0.39467348657988105,-0.29579941311518415,0.7584570118308374,1,1
126,-1.5339203375429937,-1.700259395170287,-0.37223773420770423,-0.0842593080175157,-1.0191161370348978,0.2470424971961474,0.018679719886147375,1,1
127,-1.2801260355828348,2.295442958704182,-0.8180955413334704,-0.038013639348023646,-0.6456024903227071,-1.4043914061935585,0.09391698083196871,1,1
128,-1.4679413914410722,0.8876838678032154,-0.11151711432622159,1.18417957615928,0.7462952856086755,0.6896449717656401,-0.4550882119993641,1,1
129,0.8895421486863112,1.1403350064010527,-1.9801174294785462,-0.6068233838941929,-1.2887146268467737,1.0309496380380758,-0.5280670053778579,1,1
130,-1.6550516273397118,1.3473090622374166,-0.0533711086195396,0.5787824569735434,-0.7165895116061175,-1.1010054028287353,0.45434295914125283,1,1
131,-1.3082667980203162,0.5030056483256308,-1.2690946799686904,0.9463427672866456,0.26153269086992764,-0.42992352249224064,0.5961520379535362,1,1
132,-2.065514806262107,-0.7252534201024345,-0.47599724749617006,-0.5681808778462354,0.20446400761391434,-0.2219497277503008,0.26585145541348537,1,1
133,-2.1773866911168636,-1.4736229031062393,-0.17144629407687736,-0.10814952702116383,-0.3674746372788484,0.06374798959414857,0.0033397224551312077,1,1
134,-2.225653494454062,0.27303778083785624,-1.6681474433549428,-0.0904449116660425,0.2760023153008774,-0.4150021541910172,0.7687766365864734,1,1
135,-1.7238214242861238,0.18233806062969127,-1.7594301382923103,-0.13737961172908195,-0.3392562351648293,-0.30659655400108565,0.821170310236541,1,1
136,-0.7597394930302269,1.0252592694615943,0.31114072606248044,1.3339678502091366,-2.669127832860507,0.5054121099162858,0.994001450347753,1,1
137,-0.6346879831069748,0.9964225817401895,1.4676277985683632,-0.5486876165697693,-1.1428426114203891,1.6776149910011806,0.4242840423740435,1,1
138,0.6256071263857592,-1.755773511146627,-0.8139431425964538,1.637000132456834,-1.4038296802452777,1.4451242149455872,0.29884808505499233,1,1
139,2.1038536107072274,-1.132426272391678,-0.8459063343272103,-0.5587274017775518,-0.9822955084709881,-0.5053532500280274,0.41054315630221355,1,1
140,-1.6638294673132634,1.1550925006646509,-1.223120423251054,-0.05820412089336096,0.7578442711712637,0.553397603979046,-0.6525975121330012,1,1
141,-1.0930454241729228,-1.1057663772007589,-0.5883851070538376,0.07973995622884485,0.9371938164681607,-0.185782739468405,0.24080693889074883,1,1
142,-2.305402989408189,-0.2716974499601738,-0.4482253901499065,1.5465392171419927,0.2786169130219147,-0.3078108582454743,0.28346650670499085,1,1
143,-0.43009216014405593,0.16334994881852719,-1.620222229652129,-0.2931482627770185,-2.576352371145952,-0.5118667506512317,-0.9067333935904698,1,1
144,0.24877104825417135,1.0028369012392182,-0.9332221640634164,2.849974909546628,-2.0503702339871777,-2.0995718736465943,0.209124190219454,1,1
145,-0.24113954317926828,1.4337176269580276,0.08508309864139632,-0.6075603278345192,-0.18525496228495728,0.4847428189947563,-0.628846110972913,1,1
146,-1.3688532707743082,-0.002736210858908072,-0.7100762267695168,1.276791687118135,-0.30739496805731414,-0.47781889217361495,-0.23883813422516734,1,1
147,-1.8177835912310232,1.8235063743688023,-0.23173461660689781,1.083021572908537,0.10641178075343259,-1.3460607032907193,0.2229156601048204,1,1
148,-2.546738334965721,-0.8093810059239042,0.4419731740201475,0.10824153214947026,-0.0327478601042648,-0.3353458551665525,-0.027260386991705708,1,1
149,-2.2692855878994536,-1.0374557173760643,0.8102025971157801,0.5839749743713624,-0.41068635001082554,-0.21591611635733904,0.08397633812323446,1,1
150,0.45071878847483593,1.1540387057360937,-0.05949331768040758,0.56451278186829,-0.3868402432071391,1.243910469234602,-0.5977130361578081,1,1
151,0.46592905381446786,-0.40817071942844674,-1.242172476043503,2.1463625971493374,-1.8103247740782258,-0.12009787950846824,-0.5920733327613124,1,1
152,0.10330794107476873,1.5723621164495998,1.6097796834389668,0.34241835036921553,1.6174475772433967,-0.7926962893632559,-0.654374607602913,1,1
153,-0.1506606023730758,2.3815295662844687,-0.733988184134334,0.4084242145188101,0.19829704451073898,0.1493300464737438,-0.9287015116744387,1,1
154,-1.812847432774301,0.05036331479879665,-0.4395627528401804,1.6726977590898113,0.34481038044873696,-0.36101096037716246,0.6168827981258117,1,1
155,-0.1579073405409702,-0.13637308111616472,-1.329702747081306,1.5508607841641175,-1.0109785205543107,-0.1028098783863963,0.24056390213231324,1,1
156,-2.4586289297870723,-0.2004841337941611,0.38367828199713416,-0.14539275396744256,0.2814574250196264,-0.5878432118742858,0.15887956674873752,1,1
157,-2.739279543736341,-1.6734642208816615,0.514749488033714,0.037295070138649355,-0.004368896450622434,0.0015770193543133899,0.43164427886127565,1,1
158,0.8951624729344961,-0.5292134084795062,0.9645518999190632,-0.9604339025388584,-1.6772545446256784,-1.7530800325655076,-1.5462205818208117,1,1
159,-1.0548849665824191,-0.27339600647976214,0.4597161061579772,-1.2476771066722496,0.6869816804014875,0.05962019831138703,-0.6214126909159898,1,1
160,-0.598013045127427,-0.6190066773258871,0.10064470713853886,1.3172835732080495,0.2913721980179399,-0.1374773022824811,-0.27989241187390984,1,1
161,-1.2160421505656642,1.2600250699302116,-1.8922896478204034,-0.03988173625733218,0.39071164730326635,-0.9394006848943428,0.46812423330616915,1,1
162,-2.7774707125212124,-1.674064270819832,0.7604252180328502,0.18890529744597917,-0.3325038954412699,-0.03430928188028183,0.24771809835479477,1,1
163,-1.6834685627209454,-0.604442561816818,1.8626577074743575,-0.8337767623176425,-1.6007705156001544,-1.0663852046298439,-0.890743782642865,1,1
164,-1.6834685627209454,-0.604442561816818,1.8626577074743575,-0.8337767623176425,-1.6007705156001544,-1.0663852046298439,-0.890743782642865,1,1
165,3.4275062653336548,0.8499639943090803,-0.2162417493237836,-0.8478625435482455,-0.9204650870619361,0.6169004194950016,-0.6543141993772391,0,0
166,2.9893355449439545,-0.9512702944999805,0.04204953419995281,-0.6960596864543679,-0.19866409972777943,0.21565165688152246,-1.0618607384916086,0,0
167,2.2005915996108163,1.2832771250687995,-0.6785915805704232,1.3493466438902657,0.7568088606741464,0.018316583892145296,-1.2707221137007483,0,0
168,1.212277455956061,-0.11989871243452584,0.10287765234078668,-0.7560692601250995,0.5468010098115025,-0.11350354259443253,-1.1811257076706796,0,0
169,2.6518176045567454,-0.565430839276637,1.9676546205647405,0.7196354578933194,1.402969704420237,1.2132844929409927,1.71395685057916,0,0
170,0.49356007484377384,1.1650776062612058,1.4181549118029746,0.45567437748739564,-0.7995095850898214,2.608638972848529,0.846378253252514,0,0
171,-0.2617767472388818,-1.6819601088686174,0.44670461071246975,1.0484557833845052,1.1319765708746632,-0.873422785591074,-0.2946085041717227,0,0
172,0.012648577139173283,0.16810521840682704,-0.10792684389161644,0.28865675838016414,1.1063098841613166,0.6946769387583598,-1.169074262936724,0,0
173,0.2873705879163656,0.25012284230490567,1.5185031535202531,-0.812471285645439,0.7978897192178888,-1.062150775633053,-1.7675820980023944,0,0
174,2.672589786511548,-1.1573534668953418,0.4140988002385106,-0.5950138365870843,0.002828166413843985,0.2722284939322549,-0.6882216561202379,0,0
175,1.3286921425299132,-3.056185669245202,0.1738735862633259,0.3584988642916619,0.7361523573339911,1.3498208493985162,0.00845496080879549,0,0
176,1.064950371204651,-0.6226496799597523,1.2369751783941576,-1.7684447316376404,-1.6162467909195224,-0.3168690224468577,1.591153347991481,0,0
177,-1.195995179004181,1.3173940553680443,-0.46789088958494196,-0.5463318021248187,0.02334531882733008,-0.985740590410637,-0.08555830651081252,0,0
178,1.6321049877290101,-2.6032060812106974,0.26947656886399507,0.390640730776203,0.9967423705029449,1.0795299189201106,0.11194487763072151,0,0
179,1.6560315213786212,0.2794487149313694,-0.7722150979947201,0.22211954889378566,-0.5791864853166825,2.181239410323319,0.06938080388939599,0,0
180,1.908394377147551,-0.754597838770321,-1.1332354430306004,-1.0662528169584706,0.5201379068590504,-0.8907362304295748,0.816859475710799,0,0
181,2.222206070233973,1.1680420778771354,-0.5559091858496492,-0.48306022825646766,-1.0003040697883743,-0.5297170738015398,-1.2975825501521638,0,0
182,-1.035603668598972,1.590738773615383,-2.153289930348251,-1.124723590736135,0.4662285286915637,0.6385448902715156,-0.14615709993066459,0,0
183,0.3328348498945215,-0.3746702216726172,1.0565478824454297,0.11491788689885357,1.1833263342706357,-0.44175155345794787,-1.8680654437365294,0,0
184,1.4597425278261555,-0.49020263423783766,0.3602360102381042,0.18444761530715414,1.551288629766702,-0.009457040446956388,-0.3612244195363144,0,0
185,-1.150183646603808,-0.6773049250527037,-0.6095275961555311,-1.5849884188129897,0.05762526658950446,1.1689632343838041,-0.8578910049741941,0,0
186,1.0703516390020456,-1.1746414176301307,-0.4381606063800214,-1.2612559800892673,-0.47759292337783193,-0.9355669585185753,0.6833773884405357,0,0
187,2.616593526394928,-1.3151378046752322,-0.42440712080987164,-0.537089312096133,0.5707878230016863,0.6265942271821378,-0.34889863623003403,0,0
188,-0.5381736764247499,-0.35304826811121776,1.07729957956992,0.1375032882912274,0.5848905353439838,-1.6023908079003037,-0.20349680131102182,0,0
189,-1.5383253080899537,-2.0965375911512707,0.38762802972145105,-1.1532814346228497,0.4480660008583641,0.7901955860833381,-0.49124436991286574,0,0
190,0.9948455201712065,-0.5680848732820657,-2.0399177430800024,0.04837857882656555,0.7960822938583022,-0.7091710594979853,1.5561491880592309,0,0
191,2.818431006299856,-1.128720245415857,0.4866001553288565,-1.0289460679372269,-0.3728736102422918,0.15704703055673505,-0.982997512301716,0,0
192,1.0216178116457844,-1.7747574674413804,0.1948171152852293,0.4701662126026911,-0.8945355810538893,-0.8403395093724845,-0.6068890737291648,0,0
193,2.965217594457113,-0.2305630008549078,0.09703045899471713,-1.0479515987975365,0.8619418593512483,-0.14693170069318998,-0.32527423760979524,0,0
194,0.3264483980720124,0.2782047703925287,1.3105183108995024,1.6244078420798695,0.9881966770284061,0.3244258584599972,-1.2807986641839924,0,0
195,3.6285970452720355,0.36332410262208115,-0.14466848032724453,0.32654006252483636,2.792125957962454,-0.09463235554088008,0.7210812787146232,0,0
196,0.17031772854557867,-0.249629512535071,1.0415164447917853,2.1041057375726497,1.1211859926431618,-0.988928487226439,-0.03937359405865886,0,0
197,0.8039733903275368,0.6068598295814912,1.3642569450538646,-1.245623153042289,-1.5083924262625479,-0.7740204089809106,0.6747877029605223,0,0
198,2.915765163397863,-1.394388278553106,-0.6592277711314751,-0.41363630425157355,-1.1411550367600145,-0.7845494495103159,-0.20146838294958336,0,0
199,-0.5081613309401684,0.328011328457951,-0.45266616431000023,-0.912649282467157,-1.7041488583735558,1.5169239437788666,-1.9112952490556285,0,0
200,-1.8192748362749294,-1.3007536689253831,0.26625310610528635,-1.1636154326907948,-0.1998139236226111,1.2507124179119633,-0.8780605525149391,0,0
201,2.45124416205085,-0.9957749761442508,-0.13339289223268014,-0.585142843748946,0.9108965711102157,0.29029953572546424,-0.4020040121165781,0,0
202,1.6091627895546101,-0.40077085257213846,-0.6139576376417194,-1.4324492486977842,0.4902751499184633,0.5644839930600315,0.6157159385097113,0,0
203,2.1505254481322194,2.3139155359338113,2.113676464262383,-0.36160975989473937,1.284404396451857,0.21433366498915526,1.9669871198872888,0,0
204,4.020111395940305,0.646738596261167,0.9019355938946066,1.960034616106301,0.7950253132591198,-1.2891525322276698,-1.5499770752419244,0,0
205,-0.039805758335871806,-1.4479473680758952,-0.4098228302952758,-1.7898545449635614,-0.27801530408543124,-0.6904429825520836,1.0564529475709732,0,0
206,1.618482860973486,-1.4742704045953763,-0.29329394710122225,-0.9345740148267362,0.3343316113909249,0.726118960866358,-0.5202602928645891,0,0
207,1.6521780894997564,1.1586320961543697,-0.4940332335078514,-0.2652182786521649,0.7534237334537462,-0.8096469119618434,-0.7770698673066517,0,0
208,0.5942970328207406,-1.1757719834341607,1.5362819696572443,0.35735705081498137,-0.7640252904362739,-1.7273675402446305,-1.5060419672681573,0,0
209,0.13367268259262294,-1.3801366570342284,0.2789279910973904,-1.2807163672762045,-0.8545300516812827,-0.7599067067287584,1.041868330960201,0,0
210,-0.023057405206673428,0.017494397420974653,0.957371053339505,-0.32587294933029454,0.7169128574374566,-0.20208189476276128,-1.4023098474384001,0,0
211,2.502447610315706,-1.522227126640722,-0.31840034019395125,0.13295560597761844,0.24461275355089307,-1.0588838341235878,0.153859535720939,0,0
212,-0.2807040144544688,-2.2695899520055,0.07085149959204205,0.3436283129521012,0.548775993149028,-0.6054659960883773,0.22475509213129244,0,0
213,1.6015122506444,0.7127050246075578,-1.8062661370815762,-0.5636836728198485,1.3940442074772412,0.26986744624398634,0.8776050319205491,0,0
214,1.5022040235475291,0.06500973043828487,0.9976614365937404,-0.5470701480319005,-0.512245897907374,2.118400807111812,1.203459716931467,0,0
215,2.031585235984132,0.5890189292573449,-0.5629689133262247,-0.31450549502973774,1.708940836727096,1.050374182077645,2.3044082846582263,0,0
216,1.0647362760826256,0.7057655532768516,-0.9923228081448916,1.1472411784590182,-0.6558524821115017,-1.5874105723268916,-0.6630559592333994,0,0
217,2.6980465554013753,0.941076513688959,0.763057430487047,-2.9122586506127868,-0.9456099253899842,0.4862589655673024,0.6096284514089857,0,0
218,2.2052070123783474,-0.03640427672033528,0.13519616681239313,-0.19904310036855133,0.5526708019773463,-0.29265390941542896,-1.3605421088730532,0,0
219,0.7632485508239292,-0.2018885787266238,1.2753321961352906,-2.717299554296364,-0.6033939444859677,1.1955280303409785,1.4950683092645538,0,0
220,2.9232510823427047,2.361519426182004,-1.4071750654579251,-1.16395028882981,1.4072140393202577,-1.5215864321268953,-1.1893950659437291,0,0
221,4.00895721505707,-1.953146750891786,0.24547134174195995,2.379965093399732,1.2468041562494638,-0.9494504430227392,0.5587831607947382,0,0
222,-0.018335138485521568,2.5456365237331577,2.3309870132773374,0.12851125725273904,0.39552196661588396,0.5479343621263689,-0.2128564875441785,0,0
223,4.645433915720091,2.5502680228710477,1.0655844143337476,0.5628017055957747,1.39347106589886,-0.10673085075976767,2.3639138465380394,0,0
224,2.072574208535271,-2.2455903563388704,-0.3697277380684641,0.16289791260328174,-0.1264660811201126,-0.62338710777127,0.13229967630539033,0,0
225,3.142682069981031,-1.2761024714085554,0.2982614871310451,1.6804009592064106,0.07582483942631871,-0.759801035984392,0.5969797287310149,0,0
226,1.6687095904274272,-0.08608898497058808,-0.17401494572950293,-0.3121817470234194,0.17656055848486182,-0.006428951637117257,-1.725055347060067,0,0
227,0.6512649495751345,-3.1597294139867995,0.0006142276232091592,0.4424966806364655,0.5946036524060773,-0.04077088247107259,1.217392471994165,0,0
228,-0.14925208526661568,1.809757068850311,1.1704968029315577,-0.19582322134944155,2.1342175066382767,-0.8078810497672108,-0.41614285606193346,0,0
229,1.481660509239306,-0.38224282031010753,-0.39802409112592146,0.2532963345203566,0.7266406408267584,-1.1370808967402832,0.26953140344187165,0,0
230,-2.220635814418285,-0.9134530664394852,0.019503299308969393,0.1099762180886434,-0.3984989109967739,-0.19926614678595153,-0.38857648313987275,0,0
231,2.4679113327782596,1.7505936827630182,1.8138099212222558,-1.6924163163258275,-0.5783508904948506,0.06738075536321117,0.37744174949839177,0,0
232,1.9190487245621553,-0.02166996658240371,-0.0810561741544975,-1.3294997701494586,1.272304349512501,0.211865156343979,0.6286266720462633,0,0
233,3.366604754134877,-0.9027279275060058,-0.5915949467318915,1.1134234142751092,-0.26029593282759145,1.5719608269262664,-0.9281306920415763,0,0
234,2.835341108404001,1.010990375812731,-0.5183732357032063,-0.6417338704641696,-0.9867094609667161,0.1798520358379649,-2.306660408720273,0,0
235,0.24440444124429375,-1.005953281936753,-0.5509738261008746,-1.3890313155466993,1.0989325268125434,-1.008216404245779,1.5792523681415835,0,0
236,-0.2027664451450982,0.1707396824122613,-0.17335782113001952,-2.7694039162596678,0.15599100008434413,-0.2886876231655424,-1.107308780663545,0,0
237,1.0781696428604233,0.45027568091739345,0.262996708138244,-1.5579387606926072,0.8525912662516841,-0.523200633764511,-1.0890207738514985,0,0
238,1.3033429448115632,0.8789371017019334,-0.7584142907208682,-2.69668998758604,-1.486005039634999,0.6279542827380808,-1.0739154908832815,0,0
239,-0.5219699101655948,-1.757804547165185,-0.5140416355539486,-2.0781864024496337,1.5489990725380745,0.9909251335308237,1.0161528300906006,0,0
240,2.978438497626981,0.45858127561132583,0.4154924573055699,0.6915984199850352,0.19478415623585799,-1.7390048331470223,0.22640010216248943,0,0
241,0.7913703815957751,0.8827971663212141,-1.4811188780805187,0.7494446530952101,-0.13684767980270607,-0.1567575596981271,2.172643585111686,0,0
242,1.3408644085269688,0.6752456698236545,0.32224856045214173,0.7815248527789291,-1.1805974545475022,1.2814872900760554,-1.5969406945624032,0,0
243,2.8099883527223573,-0.8708413375948155,-0.6030120817795642,-0.16642243598552284,-0.4434059714785308,-0.7313416193024962,0.8770516721301044,0,0
244,1.8941430628708873,-0.9553598787842296,-0.15196862478616605,1.290331679641522,-1.0824850171566278,2.3830271808098678,-0.5128844390343393,0,0
245,-0.26471795675482207,-0.7880125945370431,-0.10296140914797072,-0.9473989251275603,1.6146716342058849,0.3296659742438598,-0.4033164391293277,0,0
246,2.33236000056021,1.0894657536694148,-2.2133872561429033,-1.6648720648236013,1.4743568007122319,-0.26305293480202807,0.1578849448544328,0,0
247,1.6674904802560342,0.8280256634591654,0.021706641051171944,0.32399049097427174,-2.4231556980629874,0.2432178491923307,-0.01172811077819174,0,0
248,-0.6474678551624102,1.8265856447488062,1.1149168812430863,-2.1535123688706856,1.8303786300368299,-1.020711699056584,0.47666721169112836,0,0
249,1.7629513070710499,1.130128018502597,1.2597794081018718,-0.6636355452130273,0.03042186757064903,-1.1158230342800735,-2.281463253060018,0,0
250,3.532582450978369,-1.105865653742004,0.010871706460152519,-0.39939047581609105,0.05565866929680922,-1.5488431195171501,0.017252044700861408,0,0
251,1.9069070160996964,-0.36174536254395606,1.8621085532071566,-2.3973138016974094,-0.9972274040863214,1.033744948479811,0.8562324660254407,0,0
252,2.2208047824879893,1.9518750393431947,-0.19772565669708037,0.3187555566042043,-2.468731157909737,-0.3294020315797535,0.5932272160687012,0,0
253,2.0322338407881313,-0.5673013004029215,-1.1365193445044202,-0.9960695215878759,-0.947684695781462,1.3820278505738213,-1.3176678341645387,0,0
254,-0.7219849830669572,1.7540558137097841,0.5934541532116772,-0.059379122482390405,0.46582235710498127,0.26252428301776876,-0.7526736964219846,0,0
255,1.638091004456021,-0.5518768513370625,-0.047188424018809516,-2.3465682010324564,0.5438026621767824,0.24742062172156834,-0.02224161596423346,0,0
256,2.9561365035363463,-0.9574985511158611,0.037124413703535426,-0.7597753843622095,0.4783469535752233,0.13630252403145862,-0.6936639050440453,0,0
257,1.4904338011758527,-1.4344405808849263,0.1842088322800634,-0.2456739782526135,0.8987078928107105,0.8909634724040449,0.5997136627054388,0,0
258,0.9383651955152148,0.35567831502993336,-1.5428611316813645,1.050332563521771,-0.06912995694340533,-0.20671518443148318,1.5501992542035399,0,0
259,-0.12014405806299748,-1.8494387258242182,1.3180740566522144,1.2555039135704633,2.3829420600230176,-1.3110699684325675,0.5641847683451453,0,0
260,2.095270115490928,1.9270801389507677,0.8245822163464279,-0.48983567253901616,-0.8999850217193776,-1.0047079372496837,2.9214829513504768,0,0
261,-1.3798502651157885,-1.1385155792683088,-0.3410936092683101,-0.754530969997636,-1.2353991854636144,-0.1299740338341485,-0.32542222511330815,0,0
262,2.8146843292225543,-1.6394250602897562,-0.6577851886164081,-0.4002969838993574,-0.7245728512521745,-0.726493002849435,0.054693657500708634,0,0
263,0.9954783189073638,-0.25702684888587307,-1.7377518700106802,0.17715370268882807,-0.9540238999462323,-0.3357898893155647,0.11737271954988845,0,0
264,1.1919829655935748,-1.6640285496190537,-0.5353719859382902,-0.13150416386800443,-0.9835443851554323,2.052078459570062,-0.5525997627566283,0,0
265,0.6242050353295493,-0.8783298249072905,-0.6282587947829609,-1.1655430108984532,-1.3717354005192672,1.6038479533482444,-0.6187466819208587,0,0
266,2.3538436972913765,0.740691621133614,-2.0106836833855857,1.921939277124776,0.16315298084924315,-1.9509798581350066,2.7692450035650866,0,0
267,-0.45005447087767975,-0.662998751027862,1.4615627740259187,-0.29403604687646345,-1.6643435972959661,0.6153812088455648,-2.278842402744733,0,0
268,2.779919599370151,-0.8249560721310228,-0.4863877025996581,-0.1318689943953245,0.01864211494858651,1.0769400565183918,-0.8551039386983413,0,0
269,3.236280805335065,-0.22722744593519204,0.6869315581073471,0.1654237043134056,0.6293228666916683,1.6066220068170107,1.4414806745476518,0,0
270,-0.5407486924374022,-1.1636305864823315,-0.17542892987359315,-1.3248604971073634,0.837433966967969,0.41779685924105076,-0.4911976482942364,0,0
271,0.4720639269116659,0.5542066524955556,1.2730022511637018,1.400800622385568,-0.4792780779229705,-1.4304117465627153,-1.492629234534644,0,0
272,1.572538457882279,-0.7361149331891856,-1.0393166973948604,1.2989263783661165,-1.8286804619152952,0.1682830613062066,-0.7879267556672498,0,0
273,-0.8166326774253856,-1.4883883656513277,-0.3882330085632657,-1.386580495241042,-1.0347296090432536,-0.9259481168057473,-0.6349612377280054,0,0
274,1.2858104464628504,-1.502544452729313,-0.8421622181441294,-0.3725003488944713,0.037927589981952274,1.8118391305187451,-0.3671098701861672,0,0
275,-0.4369312505932582,-1.193961528888624,0.48700064755290196,-1.3592070088327741,-0.7611683021204345,-1.4266794728288148,-0.397845942134889,0,0
276,1.8643112141063873,-0.7878640650006928,0.22132607827234954,0.528827027587036,-0.5484965008282463,-1.2698533608278513,-0.2767895983508863,0,0
277,-0.7265124441138028,-0.6061635155081091,-0.22935594148472402,-0.7547159827864548,-0.15997232057169752,-1.1717552893586405,-0.09282083291908146,0,0
278,-0.31596904348639493,2.8367236288663014,-0.022509363453117687,-1.4563518653830139,-1.0270218031331213,0.8891671225943386,0.5220098635238467,0,0
279,2.631581093333982,-1.0359118481719298,0.49358562729511224,1.0306460428083377,-0.14866727633843346,1.1288440994360163,-0.5064741131750411,0,0
280,0.7643307366146564,-0.9908663768113664,-1.2324502202084036,1.0406749296805682,0.13953185278078722,1.1214247595149218,1.2381282411501062,0,0
281,-0.23533660297228065,-0.16241733726697866,0.7340408001229736,1.7131897500456785,-1.905958838121768,2.7743482065349894,2.2952025088717796,0,0
282,0.18069033751090846,0.9725562114103793,1.836410360173403,1.962839740822313,-1.769873874888226,0.729641803989836,0.2655153940184808,0,0
283,-1.6783263217321218,-1.073375821087871,0.4743166235985155,-1.113589596454941,0.8239986862205226,-1.1211825723809308,1.2383292689461836,0,0
284,1.6392914497369846,-0.8258684841903231,0.20639594756171376,-1.2631436719744429,0.08456983642425063,0.26941329202075365,-0.02642273836494033,0,0
285,2.2887204006811923,-1.2290937002201123,-0.46181964795804503,-0.8124583178953975,0.1848007524327378,-0.9633034854255551,0.708564500545081,0,0
286,-1.2438682743280696,0.4709563938298109,1.356510382390384,0.15652356895966088,-1.1470690529538172,-1.2713697787954417,-1.131681752283639,0,0
287,-0.8569498604051161,0.8735055145976126,0.62427988608443,-0.9846281450480471,0.023666415779031384,0.4260170734312014,-0.5959775281863413,0,0
288,2.157064592609541,-1.3860674942966515,-1.0207819270180492,-0.561631601744686,0.6492800965242504,-0.9794226706355398,0.20575204246830553,0,0
289,1.4181644068052923,-1.5488504014169309,-1.3135386618643095,1.2077175617575855,-1.1524643186537435,-2.0452873720750113,1.6182644053216735,0,0
290,-0.40605985308171966,-0.34959456831542735,0.4088841541493189,-1.1941334093624685,-0.7632700528928925,-1.4094100449437001,0.20563113964623755,0,0
291,2.1692774167528905,-0.5314474138117637,-0.5679996140617746,2.1596561996926513,-1.5478231655665111,-1.5394089581103803,-1.0433696849875955,0,0
292,2.2417597021299227,2.279010507574978,0.6388129972020639,0.9641917139448265,-0.9492498847470627,1.9680422080081246,1.7678734651955352,0,0
293,0.4141578594431601,0.836052632545086,1.1252860511118585,0.22903361942029815,1.0438018847282313,-0.4354729199141032,-0.9174099302018824,0,0
294,0.9676607765404752,-2.3891855961658313,0.057878931650474606,2.917270114970782,-0.11722999907451635,1.4095055494724102,0.6429746890338055,0,0
295,2.5818552150955387,-0.8591859993496989,0.7645086364742538,-0.9134394188623659,0.005453781222435068,-0.23665450897708273,-0.603417430072355,0,0
296,0.41431427468958665,-0.5794822957701845,-1.7433530897667435,1.0772534811423982,-1.23021029686941,0.44139783650281944,1.0430553221428867,0,0
297,1.8955540889139004,1.4678666711037713,1.8478839487363543,0.9201226664329805,-2.4961377198074226,2.3012263167252187,0.20068405730723535,0,0
298,1.1466718739961936,-0.5195294948206285,-1.7080199831740879,0.3438458981614657,-0.1803722562420961,-0.5197801605106978,1.5502145697289313,0,0
299,-0.7085928728333937,-1.0457518907880463,0.5448099952578003,0.9236608317280659,0.8999270174129963,-1.220263269195666,-0.6950720759791997,0,0
300,2.459005454111448,0.4782619109093916,2.208216322163095,0.2593764430148536,-1.3346898026594427,-1.212580216543519,0.5437922764688566,0,0
301,1.762755362741387,-2.3368162061742015,0.4547525816223149,0.5368066721811046,-1.182607422875525,-0.35927766471354183,0.4424271698067629,0,0
302,-0.8600567724174798,1.0685155591698612,-0.6900742889962356,0.230453412104212,0.22411599897245532,0.5969929134149824,-0.7440781757710835,0,0
